"Epitope - Name","cuenta_total"
"AAAIFMTATPPGTTD",1
"AAFSGV",1
"AAVSVSPLLLTSSQQ",1
"ACLGKAYAQMWSLMY",1
"ADLSLEKAAEVSWEE",1
"ADVTWEEEAEQTGVS",1
"AEAGGRAYNH",1
"AEAIFKLTYQNKVVR",1
"AEGAWRQVEKVETWA",1
"AEGVITQDDMHNPKG",2
"AEGVITQDDMQNPKG",1
"AEGVITRDDMHNPKG",2
"AEMEEALRGLPIRYQ",1
"AEPPFG",1
"AEQTGVSHNLMITVD",1
"AERIGEPDYEVDEDI",1
"AETQHG",1
"AETQHGTIVIRVQYE",1
"AFCDSKLMSAAIKDN",1
"AFSGVS",1
"AGFMAYMIGQTGIQR",1
"AGGRAYNHAL",1
"AGILKRWGTI",1
"AGLLFSIMKNTANTR",1
"AGPLIAGGMLIACYV",1
"AGPMPVTAASAAQRR",1
"AGPMPVTVASAAQRR",1
"AGVNMCTLIAMDLGE",1
"AHAKKQEVVVLGSQE",1
"AHKDGVCGIRSTTRL",1
"AHRKPTYERDVDLGA",2
"AICSAVPVDWVPTSR",1
"AIKVLRGFKKEISSM",2
"AILGDT",1
"AILGDTAWDFGSLGGVF",4
"AILNAHKEGVCGIRS",1
"AIQKAHEEGICGIRS",1
"AIQKAQEEGICGIRS",1
"AKEGIKRGETDHHAV",1
"AKFLCSGKITGNLVQ",1
"AKFQCLESIEGKVVQ",2
"AKKQDV",1
"AKKQDVVVLGSQEGA",1
"AKKQEVVVLGSQEGA",2
"AKLTNT",1
"AKNKPT",1
"AKQPAT",1
"AKQPATLRKYCIEAKLTN",1
"AKRGTAQIMEVTARW",1
"AKRGTTQIMEVTAKW",1
"AKRMAI",1
"AKRQDVTVLGSQEGA",1
"ALDNLAVLHT",1
"ALIFILLTAVAPSMT",1
"ALNDTWKIEKASFIE",1
"ALTGATEIQNSGGTS",1
"AMALSIVSLFPLCLS",2
"AMHTAL",1
"AMILSIVSLFPLCLS",1
"AMKRYSAPFESEGVL",1
"AMRRYSAHFESEGVL",1
"APHVGLGLETRTETW",1
"AQEEGICGIRSVTRL",1
"AQLIRQMEGEGIFKS",2
"AQLIRQMEGEGVFKN",1
"AQLIRQMEGEGVFKS",1
"AQNALDNLVMLHNSE",1
"ARDALDNLAV",1
"ARFLEFEALGFLNED",1
"ARGYISTRVEMGEAA",1
"ARKTFVDLMRRGDLP",1
"ARNTPFNMLK",1
"ASAAQRRGRIGRNQN",1
"ASAAQRRGRVGRNPQ",1
"ASSMVNGVVRLLTKP",1
"ATEEVAVQDWLARVG",1
"ATEIQM",1
"ATLLVWHTWQKQTQR",1
"ATQTVGPWHLGKLEI",1
"ATWAKNIQTAINQVR",1
"AVFFVVTLIPLCRTS",1
"AVGGITLFLGFTVHA",1
"AVGGITLFLGFTVQA",1
"AVGNDT",1
"AVLFVVTLIPLCRTS",1
"AVVSVSPLLLTSSQQ",1
"AWEEGVCGIRSATRL",1
"AWENGVCGIRSTTRM",1
"AWRQVEKVETWALRH",1
"AYTIGTTHFQRALIF",1
"CAHWKEAKMLLDNIN",1
"CEDTITYKCPLLRQN",1
"CEDTITYNCPLLRQN",1
"CEDTMTYKCPRITEA",2
"CEPRSGIDFNEMILM",1
"CGLFGKGSLITCAKF",1
"CGLFGKGSLLTCAKF",1
"CGLFGKGSLVTCAKF",2
"CHATFTMRLLSPIRV",1
"CHATFTMRLLSPVRV",1
"CHATFTTRLLSSTRV",1
"CIEAKISNTTTDSRCPT",1
"CIEAKL",1
"CIGISN",1
"CIMVGANASDKMGMG",1
"CKHSMVDRGWGNGCGLFG",1
"CKHTYVDRGWGNGCGLF",4
"CKIPFE",1
"CKIPFEIMDLEKRHV",1
"CKIPFSTQDEKGVTQ",1
"CKKNMEGKIVQPENL",1
"CKKNMEGKVVQPENL",1
"CKVPIEIRDVNKEKV",1
"CLEPIEGKVVQYENL",1
"CNLTSTWVTYGTCNQAG",1
"CPRITEAEPDDVDCW",1
"CPTQGE",1
"CQSSSMRKTDWLPMA",1
"CQSSSMRKTDWLPMT",1
"CRNQDELIGRARISQ",2
"CRSCTLPPLRFKGED",2
"CRSCTLPPLRYMGED",1
"CSAVPTEWFPTSRTT",1
"CSGKITGNLVQIENL",2
"CSHHFHELIMKDGRK",1
"CTGKFK",1
"CTGKFKIVKEIAETQHGT",1
"CTILAAVSVSPLLLT",1
"CTREEFTKKVRTNAA",2
"CTREEFTRKVRSNAA",2
"CVTTMA",1
"CVTTMAKDKPTLDIELL",1
"CWCNATDTWVTYGTCSQT",1
"CWYGMEIRPLSEKEE",1
"CWYGMEIRPVKEKEE",1
"CYVISGSSADLSLEK",1
"CYVITGTSADLTVEK",2
"CYVLTGRSADLELER",1
"DAIDGEYRLRGEARK",1
"DALALGMMILKIVRN",1
"DALALGMMVLKIVRN",1
"DALDNLAVLH",1
"DCWCNATDTWVTYGT",1
"DDLLNEELITEQMAP",1
"DDTAGWDTRITEDDL",1
"DDTAGWDTRITLEDL",1
"DEKGVTQNGRLITAN",2
"DFGSLG",1
"DFGSLGGVFTSIGKALHQ",1
"DFKPGTSGSPIVNRE",1
"DGPTPELEEEMFKKR",1
"DGRSLVVPCRNQDEL",1
"DGSPCK",1
"DGTTVIVTEDCGNRG",1
"DHAHWTEAKMLLDNI",1
"DIPMTGPLVAGGLLT",1
"DIVLEH",1
"DIVLEHGSCVTTMAKNKP",1
"DKEMAETQHGTTVVK",1
"DKLQLK",1
"DKPTLDIELLKTEVT",1
"DKRSVALAPHVGLGL",2
"DKRSVALAPHVGMGL",1
"DLEKRH",1
"DLEKRHVLGRLITVN",2
"DLGAGTRSVSTEIEK",1
"DLGSGTRNIGIESET",1
"DLHPGSGKTRKYLPA",1
"DLILEIGKLPQHLTL",1
"DLPVWLAYRVAAEGI",1
"DMGCVVSWSGRELKC",1
"DMGYWIESQKNGSWK",1
"DPRRCLKPVILKDGP",1
"DPRRCLKPVILTDGP",1
"DQRGSGQVVTYGLNT",1
"DRTEAKEGLKRGETT",1
"DRTEAKSALKDGSKI",1
"DRTEAKSALRDGSKI",1
"DRVIDPRRCLKPVIL",2
"DSPVNI",1
"DSYTQMCDHRLMSAA",1
"DSYTQVCDHRLMSAA",1
"DTAGWDTRITEDDLQ",1
"DTAWDFGSLGGVFTS",1
"DTLLCDIGESSPNPT",1
"DTLLCDIGESSPSPT",1
"DTLTILLKATLLAVS",1
"DTQGSNWIQKETLVNFKN",1
"DTQGSNWIQKETLVT",1
"DVGKKEGGAMYADDT",1
"DVIPMVTQLAMTDTT",1
"DVIPMVTQMAMTDTT",1
"DVLPTVTQMAMTDTT",1
"DVNKEKVVGRVISST",1
"DVSKKEGGAMYADDT",1
"DVVPMVTQLAMTDTT",1
"DVVPMVTQMAMTDTT",1
"DVVVLGSQEGAMHTA",1
"DYGALTLDCSPRTGL",1
"DYMPSMKRFRREEEE",1
"EAAAIFMTATPPGTA",1
"EAELTG",1
"EAEPPF",1
"EAGGRAYNHA",1
"EAKLTN",1
"EAKQPA",1
"EAQKRTAAGIMKNPT",1
"EATARGARRMAILGD",2
"EDHWFSRENSLSGVE",1
"EDKTPVTTWEDVPYL",1
"EDLKNEEMVTNHMKG",1
"EDNPEIEDDIFRKRR",1
"EDYGFGVFTTNIWLKLREKQ",4
"EEALKGLPIRYQTTA",1
"EEFISKVRSNAAIGA",1
"EEFTRKVRSNAALGA",2
"EEGRTLRVLKMVEPW",1
"EEHAVG",1
"EEKITQQMDPEHRQL",1
"EEQDKR",1
"EERDDTLTILLKATL",1
"EFTRKVRSNAAIGAV",1
"EFWKLVDRERELHKL",1
"EGAMHSALAGATEVD",1
"EGAMHT",1
"EGAMHTALTGATEIQ",1
"EGDGSP",1
"EGDQYVYMGQPLNND",1
"EGERKKLKPRWLDAR",1
"EGGHDLTVVAGDVKG",1
"EGIFLPSELETPNLA",1
"EGINKCTLIAMDLGE",1
"EGINYADRKWCFDGI",1
"EGINYADRRWCFDGI",1
"EGINYADRRWCFDGV",1
"EGLHKLGYILRDISK",1
"EGPLPEIEDEVFKKR",2
"EGTTVVITENCGTRG",1
"EGTTVVVTEDCGNRG",1
"EGVSGG",1
"EHAVGNDTGKHGKEIKIT",1
"EHCGNRGPSLRTTTV",1
"EHGSCV",1
"EHGTTATITPQAPTT",1
"EHRREKRSVALVPHV",1
"EIAETQ",1
"EIKVTPQSSITEAEL",1
"EIMDLE",1
"EIQMSS",1
"EITPQASTVEAVLPE",1
"EKASLIEVKTCTWPK",1
"EKDADLGAGTRSVST",2
"EKDSPV",1
"EKDVDLGAGTRSVST",2
"EKQDAFCDSKLMSAA",1
"EKQDVFCDSKLMSAA",1
"EKQLGQVMLLVLCAV",1
"EKQLGQVMLLVLCVT",2
"EKRHVL",1
"EKVDTRTPQPKPGTR",1
"EKVDTRTQEPKEGTK",1
"EKVETWAFRHPGFTI",1
"EKWLKECGVDRLKRM",1
"EKYQLAVTIMAISCV",1
"ELEDGAYRIKQKGIL",1
"ELEDGAYRIKQRGIL",2
"ELEEGVYRIKQQGIF",1
"ELEKLQRKHGGNLVR",1
"ELEKLQRKHGGSLVR",1
"ELEKLQRRHGGSLVR",1
"ELIGRARISQGAGWS",1
"ELIKTE",1
"ELLVTFKNAHAKKQE",1
"ELTGYG",1
"EMGANFKADRVIDPR",1
"EMGANFRADRVIDPR",1
"EMGRLPTFMT",1
"EMGRLPTFMTQKTRD",1
"EMYWVSGVSGNIVSS",1
"EMYWVSNASGNIVSS",1
"EMYWVSNATGNIVSS",1
"ENCDHRGPSLRTTTA",1
"ENDMKFTVVVGDVNG",1
"ENEVKLTIMTGDIKG",1
"ENIKHEHKSTWHYDE",2
"ENLEYT",1
"ENLEYTVVVTVHNGD",1
"ENSLSGVEGEGLHKL",1
"ENWLNNNTQFCIKVL",1
"EPGKNPRAVQTKPGL",1
"EPGQLK",1
"EPHMIVGIQEKGKSL",1
"EPHMIVGRQEKGKSL",1
"EPHMIVSRQEKGKSL",1
"EPPFGD",1
"EPRMIVGKNERGKSL",1
"EPVNIEAEPPFGESN",1
"EPWLRGNQFCIKILN",2
"EPWLSSKPEFCIKVL",1
"EQDKRF",1
"EQDKRFICKHSMVDRGWG",1
"EQDKRFVCKHSMVDR",1
"EQDQQYICRRDMVDR",2
"EQDQQYICRRDVVDR",1
"ERDADLGAGTRSVST",1
"EREKSAAVDGEYRLR",1
"ERELHKLGKCGSCVY",1
"ERFSTSLLFLNDMGK",1
"ERQDVFCDSKLMSAA",2
"ESGRLEPSWADVRND",1
"ESITLATGPLTTLWE",1
"ESNIVIGIGDNALKI",1
"ESRCPT",1
"ESRCPTQGEPSLNEEQDK",1
"ESRKTFVELMRRGDL",1
"ESSPSPTVEESRTIR",2
"ETAWDFGSVGGLLTS",1
"ETLLLLTLLA",1
"ETLMLVALLGAMTAG",1
"ETPTWNRKELLVTFK",1
"ETQHGT",1
"ETTMRG",1
"ETWNRQDLLVTFKTA",1
"ETYQLWTALISLTCS",1
"ETYQLWTALVSLTCS",1
"EVCDHRLMSAAIKDQ",1
"EVMRGKFGKKHMIAG",1
"EVTNPAVLRKLCIEA",2
"EVVVLGSQEGAMHTA",1
"FAENTNSVTNIELEP",2
"FAGHLKCRLKMDKLE",1
"FAGHLKCRLKMDKLTK",4
"FATALTALNDMGKVR",2
"FCSHHFHKIFMKDGR",1
"FDFCDGTTVIVTEDC",1
"FDFCEGTTVVVTEDC",1
"FDGERNNQILEENMD",1
"FDSYIVIGVGNSALTLH",3
"FEIMDL",1
"FEIMDLEKRHVLGRL",1
"FEIMDLEKRHVLGRLITV",1
"FEKQLGQVMLLVLCA",1
"FELIKT",1
"FELIKTEAKQPATLRKYC",1
"FFLIVLLIPE",1
"FFMMVLLIPEPEKQR",1
"FGDSYIIIGVEPGQL",1
"FGDSYIIIGVEPGQLKL",1
"FGDSYIVIGVGNSAL",1
"FGECPGTTVTIQEDC",1
"FGECPGTTVTIQENC",1
"FGESYIVVGAGEKAL",2
"FGPEREKTQAIDGEF",1
"FGQQRVFKEKVDTRT",1
"FHELIMKDGRVLVVP",2
"FHELVMKDGRVLVVP",1
"FHLTTRGGEPHMIVS",1
"FHTMWHVTRGAVLMY",1
"FIEVKSCHWPKSHTL",1
"FIEVKTCTWPKSHTL",1
"FIIDGPNTPECPDDQ",1
"FIIDGPNTPECPNAS",1
"FKAERVIDPRRCMKP",1
"FKIVKE",1
"FKKGSS",1
"FKLTYQNKVVRVQRP",1
"FKTASGINMCTLIAM",1
"FKTEDGVNMCTLMAM",1
"FKTENGVNMCTLMAM",1
"FKTSAGVNMCTLIAM",2
"FKTTEGINKCTLIAM",2
"FLCKHS",1
"FLDLPLPWTTGADTS",1
"FLEKTKKDFGLGSIT",2
"FLEKTKKDLGLGSIA",2
"FLIDGPDTSECPNER",1
"FLRFLAIPPTAGVLA",1
"FLRFLTIPPT",1
"FLTIPPTAGILKRWGTIK",4
"FLVDGPDTSECPNER",1
"FMTATPPGSIDPFPQ",1
"FMTATPPGTTDPFPQ",1
"FNEMVL",1
"FNMLKRERNR",1
"FNTYKRSGIMEVDRS",1
"FQEGVFHTMWHVTRG",1
"FQGSWNTGEEVQVIA",1
"FQIYKKSGIQEVDRT",2
"FQIYKRSGIQEVDRT",2
"FQRALIFILLTAVAP",1
"FQRVLIFILLTAVAP",1
"FRKEIGRMLN",1
"FRRLTSREVLLLTIG",1
"FRRLTSREVLLLTVG",1
"FSLGMLQGRG",1
"FSRENSLSGVEGEGL",1
"FSTQDEKGVTQNGRL",2
"FTCKKN",1
"FTDENKWKSAREAVE",1
"FTDPSSIAARGYIST",1
"FTGHLK",1
"FTMRLLSPVRVPNYN",1
"FTSIGK",1
"FTVIAFFLAHAIGTS",1
"FTVIALFLAHAIGTS",1
"FVEGVS",1
"FVERNLVKPEGKVID",1
"FVERNMVTPEGKVVD",1
"FVPSIKAGNDIAACL",2
"GAAFSG",1
"GAAMTDDIGMGVTYL",1
"GADTQG",1
"GAKRMA",1
"GAMHTA",1
"GAMVQA",1
"GANASDRMGMGTTYL",1
"GARFLEFEALGFLNE",1
"GASHNILVEVQDDGT",1
"GATTETPTWNKKELL",1
"GCVTTMAKNKPTLDIEL",2
"GCVTTMAQGKPTLDF",1
"GCYSQVNPITLTAAL",1
"GDGNHMFAGHLKCKV",1
"GDGSPC",1
"GDNALKINWYKKGSS",1
"GDTMSGRIGGQTHLA",1
"GEEHAV",1
"GEFRLRGEQRKTFVE",1
"GEGLHKLGYILRDVS",1
"GEGLHKLGYILREVS",2
"GEGLHRLGYILRDVS",1
"GEGVFKSIQQLTVTE",1
"GEIGAIALDFKPGTS",1
"GEIGAVTLDFKPGTS",2
"GEPSLN",1
"GEPSLNEEQDKRFICKHS",1
"GEVGAIALDFKPGTS",1
"GFRKEIGRML",1
"GGRAYRHAVEELPET",1
"GGSWVD",1
"GGWRLSAQWQKGEEV",1
"GGWSYYCGGLKNVRE",1
"GHEWVTDFKGKTVWF",1
"GHGQIDNFSLGVLGM",1
"GHGQVDNFSLGVLGM",2
"GHLKCKVRMEKLRIK",1
"GHLKCR",1
"GHLKCRLRMDKLQLKGMS",1
"GIFGKTQVGVGVQKE",2
"GIGKLSMGLIAIAVA",1
"GIGKLSMGLITIAVA",1
"GIGKMTLGMCCIITA",1
"GIGKTSIGLICVIAS",1
"GILKRWGTIKKSKAINVL",2
"GIMKNPTVDGIVAID",1
"GISNRD",1
"GIYRIMQRGLLGRSQ",1
"GKAKMLSTE",1
"GKALHQ",1
"GKCETCVYNMMGKRE",1
"GKDVFFIPPEKCDTL",1
"GKDVFYLPPEKCDTL",1
"GKEIKI",1
"GKFKIV",1
"GKGGIVTCAMFTCKK",2
"GKGGVVTCAKFLCSG",2
"GKGGVVTCAKFSCSG",1
"GKGSLITCAKFKCVT",1
"GKGSLLTCAKFKCVT",1
"GKGSLVTCAKFQCLE",1
"GKHGKE",1
"GKIIHEWCCRSCTLP",2
"GKLIHEWCCRSCTLP",1
"GKLITEWCCRSCTLP",1
"GKLVTQWCCRSCTMP",2
"GKMFEATARGARRMA",1
"GKPTLDFELTKTTAK",1
"GKREDLWCGSLIGLS",1
"GKSEFQIYKKSGIQE",1
"GLDFNEMVLLQMEEKAWL",1
"GLGKTSIGLLCVTAS",1
"GLILLKMVTHFDNTQ",1
"GLKNVREVKGLTKGG",1
"GLNSKNTSMSFSCIA",1
"GLNTFTNMEAQLIRQMEG",1
"GLQAKATREAQKRTA",1
"GMGLDTRTQTWMSAE",1
"GMGLETRAETWMSSE",1
"GMGLETRTETWMSSE",1
"GMGTTYLALMATFKM",1
"GMGVTYLALLAAFKV",1
"GMIKPKGKVVDLGCG",1
"GMNSRS",1
"GMSYSM",1
"GNDTGK",1
"GNIVSAVNMTSRMLL",1
"GNIVSSVNMVSRLLL",1
"GPERVILAGPIPVTP",1
"GPIPVTPASAAQRRG",1
"GPMPVTHSSAAQRRG",1
"GPNTPECPNASRAWN",1
"GQGTSETFSMGLLCL",1
"GQLKLN",1
"GQMFET",1
"GQVMLLILCVTQVLM",1
"GQVMLLVLCVTQVLM",1
"GRARISQGAGWSLRE",1
"GREIVDLMCHATFTT",2
"GRGPLKLFMALVAFLRFL",2
"GRLPTFMTQK",1
"GRNKKPRLCTREEFT",2
"GRVISATPLAENTNS",1
"GSCVTT",1
"GSGEVDSFSLGLLCV",1
"GSGKTRRYLPAIVRE",1
"GSGKVDNFTMGVLCL",2
"GSLGCKPLTMFLITE",1
"GSLGGV",1
"GSPCKI",1
"GSPCKIPFEIMDLEKRHV",1
"GSQEGA",1
"GSSIGQ",1
"GSSPILSITISEDGS",1
"GSWVDI",1
"GTGSQGETLGEKWKK",1
"GTIGAVSLDFSPGTS",1
"GTLGLECSPRTGLDF",1
"GTRNIGIESEIPNLD",1
"GTRNIGIESETPNLD",2
"GTRSVSTEIEKPDMT",1
"GTVTME",1
"GVCGIRSATRLENIM",2
"GVDVFFIPPEKCDTL",1
"GVEPGQ",1
"GVFLRKLTSRETALM",1
"GVGNRDFVEGLSGAT",2
"GVGNRDFVEGVSGGA",1
"GVSHNLMITVDDDGT",2
"GVVTKSGDYVSAITQ",1
"GVVTTSGTYVSAIAQ",2
"GWPLSKMDIGVPLLA",1
"GWSLKETACLGKAYA",2
"GWSLRETACLGKSYA",1
"GYVLGIFLRKLTSRE",1
"GYVLGVFLRKLTSRE",1
"HAKKQD",1
"HALSELPETL",1
"HAVGND",1
"HAVGNDTSNHGETAT",1
"HAVSRGSSKIRWIVE",1
"HAVSRGTAKLRWFVE",1
"HEWCCRSCTLPPLRF",1
"HEWCCRSCTLPPLRY",1
"HEWMTTEDMLTVWNR",2
"HFHKIFMKDGRSLVV",1
"HGAERLKRMAISGDD",1
"HGGNLVRCPLSRNST",1
"HGGSLVRCPLSRNST",1
"HGKEIK",1
"HGSCVT",1
"HGSYEVKATGSASSM",1
"HGSYEVKPSGSASSM",1
"HGTIVIRVQYEGDGS",1
"HGTTVVKVKYEGTGA",1
"HGTVLVQIKYEGTDA",2
"HGTVLVQVKYEGTDA",1
"HILAENEVKLTIMTG",2
"HILSENEVKLTIMTG",2
"HKLGYILRDVSKKEG",1
"HLGKLEIDFGECPGT",1
"HLKCRL",1
"HQVGNETTEHGTIAT",1
"HQWMTTEDMLTVWNR",1
"HRGPSLRTTTASGKL",1
"HRLMSAAIKDERAVH",1
"HRRDLRLASMAICSA",1
"HSALAGATEVDSGDG",1
"HSGEEH",1
"HTAEAGGRAY",1
"HTAITQVRNLIGKEE",2
"HTALTG",1
"HTALTGATEIQMSSG",2
"HTALTGATEIQTSGT",1
"HWIAASIILE",1
"IAETQH",1
"IAGVFFTFVLLLSGQ",1
"IALFLAHAIGTSITQ",1
"IAMDLGELCEDTMTY",1
"IANQAAVLMGLGKGW",1
"IAQTNAEPDGPTPEL",1
"IASSGMLWMADIPLQ",1
"IASSGMLWMAEIPLQ",1
"IAVQNWLARVGRERL",1
"IDDRFATALTALNDM",1
"IDEEREIPERSWNSG",1
"IEAEPP",1
"IEAEPPFGESNIVIG",1
"IEAKLT",1
"IEASISNITTATRCP",1
"IEGKITNVTTDSRCP",1
"IEGKVVQHENLKYTV",1
"IEGKVVQYENLKYTV",1
"IEKPDMTIIGRRLQR",1
"IENTTANISLTAIAN",1
"IFMTATPPGSVEAFP",1
"IGGVFTSVGKLVHQI",1
"IGIESEIPNLDIIGK",2
"IGIGVLLTWIGLNSK",3
"IGIGVLLTWLGLNSR",1
"IGKALH",1
"IGMNSR",1
"IGPGLQAKATREAQK",1
"IGQMFETTMR",2
"IGTSLTQKVVIFILL",1
"IGVEPG",1
"IGVPLLAIGCYSQVN",1
"IHAKHEWMTTEDMLA",1
"IHARHEWMTTEDMLT",1
"IIGPGLQAKATREAQ",2
"IIGVEP",1
"IIGVEPGQLKLNWFKKGS",1
"IIPALFEPEREKSAA",1
"IKAGNDIAACLRKNG",2
"IKAGNDIANCLRKSG",2
"IKITPQ",1
"IKITPQSSITEAELTGYG",1
"IKKSKAINVLRGFRKEI",1
"IKQRGILGYSQIGAG",1
"IKTEAK",1
"ILAPTRVVAAEMEEA",1
"ILAPTRVVASEMAEA",2
"ILAVVITLCAIILGG",1
"ILEVDRTEAKSALKD",2
"ILEVDRTEAKSALRD",2
"ILEVDRTEARSALKD",1
"ILFEEVMRGKFGKKH",1
"ILGDTA",1
"ILGDTAWDFGSLGGVFTS",1
"ILIGVI",1
"ILKIVRNMEKYQLAV",1
"ILLWYAQIQP",1
"ILLWYAQIQPHWIAA",1
"ILQRGLLGRSQVGVG",1
"ILVVVITFCAIILGG",1
"ILVVVTTLCAIILGG",1
"IMAILCVPNAVILQN",1
"IMAISCVPNAVILQN",1
"IMDLEK",1
"IMEVDRSEAKEGLKR",1
"IMKDGRVLVVPCRNQ",1
"IMQRGLFGKTQVGVG",1
"INEKEENMVKSLVSA",1
"IPFEIM",1
"IPFEIMDLEKRHVLGRL + SCM(I1)",1
"IPYLGKREDLWCGSL",2
"IQEVDRTLAKEGIKR",1
"IQKETL",1
"IQKETLVNFKNPHAKKQD",1
"IQMSSG",1
"IRSTTRMENLLWKQI",1
"IRYQTTAVKSEHTGR",1
"ISEKEENMVKSLVSA",2
"ISGKGIGKTSIGLIC",2
"ISKIPGGNMYADDTA",1
"ISKMDIGVPLLALGC",1
"ISNITTATRCPTQGE",1
"ISNTTTDSRCPTQGEATL",1
"ISQGAGWSLRETACL",1
"ISRKDQRGSGQVGTY",1
"ISRRDQRGSGQVGTY",1
"ISRRDQRGSGQVVTY",1
"ISSWGDVPYLGKRED",2
"ISTRVEMGEAAAIFM",1
"ISTRVGMGEAAAIFM",1
"ITDNVHTWTEQYKFQPESPS",4
"ITEAEL",1
"ITEMGRLPTF",1
"ITEQMAPHHKILAKA",1
"ITNITTDSRCPTQGE",2
"ITNVTTDSRCPTQGE",2
"ITPHSG",1
"ITPHSGEEHAVGNDT",1
"ITPHSGEEHAVGNDTGKH",1
"ITPQSS",1
"ITQFETYQLWTALIS",1
"ITVHTGDQHQVGNDT",1
"ITVNPI",1
"ITWIGMNSRSTSLSVSLV",1
"ITYKCPLLRQNEPED",1
"ITYNCPLLRQNEPED",1
"IVERGMVKPKGKVVD",1
"IVITPH",1
"IVKEIA",1
"IVLEHG",1
"IVMDEAHFTDPCSVA",1
"IVQYENLKYSVIVTV",1
"IVTCAMFTCKKNMEG",1
"IVTCAMFTCKKNMEGKVV",1
"IVTDKEKPVNIETEP",1
"IVTEKD",1
"IVTEKDSPVNIEAEP",1
"KALHQV",1
"KALKINWYKKGSSIGKMF",1
"KARDALDNLA",1
"KARNTPFNML",1
"KATREAQKRTAAGIM",1
"KCGSCVYNMMGKREK",1
"KCRLRM",1
"KDSPVN",1
"KDSPVNIEAEPPFGD",1
"KDVDLGAGTRHVNAE",1
"KEAKMLLDNINTPEG",1
"KECGVDRLKRMAISG",2
"KEEYVDYMPAMKRYS",1
"KEGEKKKLRPRWLDA",1
"KEIAET",1
"KEIGRMLNIL",1
"KEIKIT",1
"KEKPVNIEAEPPFGE",1
"KEPGVVSPTSYLDVD",1
"KERNLHLEGKCETCV",1
"KERVEKWLKECGVDR",1
"KERVEKWLRECGVDR",1
"KETACLGKSYAQMWT",1
"KETLVT",1
"KFKIVK",1
"KFQADSPKRLATAIA",1
"KFQADSPKRLSAAIG",1
"KFQPESPARLASAIL",1
"KFQPESPSKLASAIQ",2
"KFTVVVGDANGILAQ",1
"KGEDAPCKIPFSTED",1
"KGKELKCGSGIFVTN",1
"KGLPIRYQTTATKSE",1
"KGMSYAMCLNTFVLK",1
"KGMSYAMCSNAFVLK",1
"KGMSYAMCTNTFVLK",1
"KGMSYS",1
"KGMSYSMCTGKFKIVKEI",1
"KGSRAIWYMWLGARF",1
"KGSSIG",1
"KGTVMDIISRKDQRG",2
"KHGKEI",1
"KHGKEIKITPQSSIT",1
"KHGKEIKVTPQSSIT",1
"KHSMVD",1
"KHTYVDRGWGNGCGL",1
"KIEKASFIEVKSCHW",1
"KIGEFGKAKGSRAIW",1
"KIPFEI",1
"KITPQS",1
"KIVKEI",1
"KKARNTPFNM",1
"KKGSSI",1
"KKGSSIGQMFETTMRGAK",1
"KKLKPRWLDARIYSD",1
"KKLRPRWLDARVYAD",1
"KKMIRPQPMEHKYSWKSWGKAKIIGADIQN",1
"KKQDVV",1
"KKQDVVVLGSQEGAM",1
"KKQDVVVLGSQEGAMHTA",1
"KKSGIQEVDRTLAKE",1
"KKSKAINVLR",1
"KKVIQLSRKTFDTEY",1
"KLELKGMSYAMCLNA",1
"KLGEFGKAKGSRAIW",1
"KLGEFGRAKGSRAIW",1
"KLGYILRDISKIPGG",1
"KLHSGKDVFFMPPEK",1
"KLNWFK",1
"KLQLKG",1
"KLTNTT",1
"KLTNTTTESRCPTQGEPS",1
"KLTVVVGDVIGVLEQ",2
"KMETLQRKYGGALVR",1
"KNIQTAINQVRSLIG",1
"KNKELKCGSGIFITD",1
"KNKPTL",1
"KNKPTLDFELIKTEAKQP",1
"KNMEGK",1
"KNPHAKKQDVVVLGS",2
"KPRICTREEFTRKVR",2
"KPTLDF",1
"KPTYEKDADLGAGTR",1
"KQDVVV",1
"KQISNELNHILLEND",1
"KQITNELNYVLWEGG",1
"KQPATL",1
"KREDQWCGSLIGLTS",2
"KRERNRVSTVQQLTKRF",3
"KRFLCK",1
"KRHVLGRLITVNPIVTEK",1
"KRMAIL",1
"KRSGILEVDRTEAKS",1
"KRSGILEVDRTEARS",1
"KRSGIQEVDRTLAKE",1
"KRSLRPQPTELKYSWKTWGKAKMLSTESHN",1
"KRTLTPQPMELKYSWKTWGKAKIVTAETQN",1
"KSKAINVLRG",1
"KSLLFKTENGVNMCT",1
"KSLLFKTSAGVNMCT",1
"KSPRLCTREEFISKV",1
"KTCIWPKSHTLWSNG",1
"KTEAKQ",1
"KTLTGEIGAVTLDFK",1
"KTNTGTIGAVSLDFS",1
"KTPRMCTREEFTRKV",1
"KTVWFVPSIKAGNDI",1
"KVAAEGINYADRKWC",1
"KVASAGISYKDREWC",1
"KVDTRTPRAKRGTTQ",1
"KVEYKGEDAPCKIPF",1
"KVIGLYGNGVVTKSG",1
"KVIQLSRKTFDTEYP",1
"KVLNPYMPTVIEELE",1
"KVPHAKRQDVTVLGS",1
"KVRSNAAIGAVFVDE",1
"KVVGLYGNGVVTKNG",1
"KVVGLYGNGVVTRSG",1
"KWCFDGIKNNQILEE",2
"KYCIEA",1
"KYEGTDAPCKIPFST",1
"KYTDRKWCFDGQRNN",2
"LAENTNSVTNIELEP",1
"LAGFMAYMIGQTGIQ",1
"LAHRTRNALDNLVML",1
"LAKRFSKGLLSGQGP",2
"LAMTDTTPFGQQRVF",1
"LASSLLKNDIPMTGP",1
"LASSLLRNDVPMAGP",1
"LATGPLTTLWEGSPG",1
"LATLRKLCIEGKITN",1
"LCIEGKITNVTTDSRC",4
"LCISIMIEEVMRSRW",1
"LCTREEFISKVRSNA",2
"LCTSQILLMRTTWAL",1
"LDARTYSDPLALREF",1
"LDFELI",1
"LDFELIKTEAKHPAT",1
"LDFNEM",1
"LDIELLKTEVTNPAV",1
"LDIELQKTEATQLAT",1
"LDNIVMLHTTEKGGR",1
"LDNIVMLHTTERGGR",1
"LDNLVMLHTSEHGGR",1
"LEHGGCVTTMAKSKP",2
"LEHGSC",1
"LEHGSCVTTMAKNKP",1
"LEKEVAETQHGTVLVQI",2
"LEKRHV",1
"LELTDALALGMMILK",1
"LENPHLLEKKITQWL",1
"LEPSWADVRNDMISY",1
"LEQMQRKHGGMLVRN",1
"LESDMIIPKSLAGPI",2
"LFEPEREKSAAIDGE",1
"LFEPEREKSAAVDGE",1
"LFPLCLSTTSQKTTW",1
"LGAMVQ",1
"LGEKWKNRLNSLGKS",1
"LGELCEDTITYKCPL",1
"LGELCEDTITYNCPL",1
"LGEMCDDTVTYKCPL",1
"LGFLNEDHWFSRGNS",1
"LGKKKTPRMCTREEF",1
"LGLETRTETWMSSEG",1
"LGMALFLEEMLRTRV",1
"LGMCCIITAS",1
"LGQVMLLVLCVGQLL",2
"LGRKKNPRLCTREEF",1
"LGRVMVMVGAAMTDD",1
"LGSQEGAMHTALTGA",1
"LHPGAGKTKRYLPAI",1
"LHTAEAGGRA",1
"LHWFRKGSSIGKMFE",1
"LIAIAVASGLLWVAE",1
"LIEVKTCTWPKSHTL",1
"LIGLTARATWATNIQ",1
"LIKTEA",1
"LIMLGDTMSGRMGGQ",1
"LIRLCIMVGANASDR",1
"LIRLCIMVGANVSDR",1
"LITCAKFKCVTKLEG",1
"LITEMGRLPT",1
"LITIAVASGLLWVAE",1
"LITVNPIVTEKDSPVNIE",1
"LKCGSGIFITDNVHT",1
"LKCGSGIFVIDNVHT",1
"LKCGSGIFVVDNVHT",1
"LKCRLKMDKLELKGM",1
"LKDGSKIKHAVSRGS",1
"LKDGSKIKYAVSRGT",1
"LKDGSKTKYAVSRGT",1
"LKGMSY",1
"LKIVTHFDNTQVGTL",1
"LKLKEKQDAFCDSKL",1
"LKLRDSYTQMCDHRL",1
"LKLREMYTQLCDHRL",1
"LKLREVYTQLCDHRL",1
"LKLREVYTQSCDHRL",2
"LKMVEPWLSSKPEFC",1
"LKMVTHFDNTQVGTL",2
"LKRGETTHHAVSRGS",1
"LKRGETTKHAVSRGT",1
"LLAIGCYSQVNPITL",1
"LLCVTASSALLWMAS",1
"LLETTKRDLGMSKEP",1
"LLILCVTQVLMMRTT",2
"LLKNDIPMTGPLVAG",1
"LLKTEVTNPAVLRKL",2
"LLRNDVPMAGPLVAG",1
"LLSPVRVPNYNLIIM",1
"LLSSLLKNDVPLAGP",1
"LLTCAKFKCVTKLEG",1
"LLTSSQQKTDWIPLA",1
"LLTVCYVLTGRSADL",2
"LLVLCVTQVLMMRTT",1
"LLVLWIGTNSRNTSM",1
"LMATFKMRPMFAVGL",1
"LMRRGDLPVWLAHKV",1
"LMYADDTAGWDTRIT",1
"LNALGKSEFQIYKKS",1
"LNEKEENMVKSQVSA",1
"LNELPESLETLMLVA",1
"LNLITEMGRL",1
"LNLVENWLNNNTQFC",1
"LNPTAIFLTTLSRTN",1
"LNPTAIFLTTLSRTS",1
"LNQLSRKEFDLYKKS",1
"LNSLDRKEFEEYKRS",1
"LNSLGKSEFQIYKRS",2
"LNTFVLKKEVSETQH",1
"LNWFKK",1
"LPENLE",1
"LPGADTQGSNWIQKE",1
"LPQHLTQRAQNALDN",1
"LPTYLSSRAKLALDN",1
"LQAKATREAQKRTAA",1
"LQLKGM",1
"LQMEDK",1
"LQNAWKVSCTILAAV",1
"LQNAWKVSCTTLAVV",1
"LQRKHGGNLVRCPLS",1
"LQRKHGGSLVRCPLS",1
"LQRKYGGALVRNPLS",1
"LRGFRKEIGRMLNIL",1
"LRKLTSRENLLLGVG",2
"LRMDKL",1
"LSAQWQKGEEVQVIA",1
"LSELPETLETLLLLT",1
"LSGRGLGKTSIGLLC",1
"LSIPHDLMELIDGIS",1
"LSRKTFDSEYIKTRT",1
"LSRKTFDSEYVKTRT",1
"LSRNSTHEMYWVSCG",1
"LSSRAKLALDNIVML",1
"LTGATE",1
"LTIMDLHPGSGKTRK",1
"LTIMDLHPGSGKTRR",1
"LTKGKRALTPPVNDL",1
"LTKTTAKEVALLRTY",1
"LTLDCSPRTGLDFNE",1
"LTLRAQNALDNLVML",1
"LTNTTT",1
"LTNTTTASRCPTQGE",1
"LTSRATWAKNIQTAI",1
"LTWIGLNSKNTSMSF",1
"LVGVVTLYLGVMVQA",1
"LVHRERELHKQGKCA",1
"LVLWIGTNSRNTSMAM",3
"LVRCPLSRNSTHEMY",1
"LVSILASSLLRNDVP",1
"LVTCAKFQCLESIEG",1
"LVTFKTAHAKKQEVV",1
"LVVPCRNQDELIGRA",1
"LWALLGKKKSPRLCT",1
"LWSNGVLESEMIIPKNFAGPVSQHN",4
"LYGNGVVTKNGGYVS",1
"LYGNGVVTKSGDYVS",1
"MADIPLQWIASAIVL",1
"MAHTLIMIGSNASDR",2
"MAISGDDCVVKPIDD",1
"MALVAFLRFLTIPPTAGI",3
"MAMDLGELCEDTITY",1
"MAVFKMSPGYVLGIF",1
"MAVFKMSPGYVLGVF",1
"MCCIITASILLWYAQ",1
"MCHATFTMRLLSPVR",1
"MCTGKF",1
"MCTGSFKLEKEVAET",1
"MCTREEFTKKVRSNA",1
"MCTREEFTRKVRSNA",1
"MDKLQL",1
"MDLEKR",1
"MECSPRTGLDFNEMVLLQ",1
"MEELPDTIETLMLLA",1
"MEIRPINEKEENMVK",1
"MEIRPLSEKEENMVK",2
"MENKAWLVHRQWFLD",1
"MEVEIWTKEGERKKL",1
"MFEATARGARRMAIL",1
"MFESTYRGAKRMAIL",1
"MFETTM",1
"MFETTMRGAKRMAIL",1
"MGANFKAERVIDPRR",1
"MGKAELEDGAYRIKQ",1
"MGLDTRAQTWMSAEG",1
"MGLETRAETWMSSEG",1
"MGQLTWNDLIRLCIM",1
"MGRLPTFMTQ",1
"MGYWIESQKNGSWKL",1
"MHTALT",1
"MHTALTGATEIQMSSGNL",1
"MILLTGGAMLFLISG",1
"MKDGREIVVPCRNQD",1
"MKILIG",1
"MLIACYVISGSSADL",1
"MMGKREKKLGEFGKA",1
"MNSRST",1
"MQAGKRSLRPQPTEL",1
"MQGKGIGKLSMGLIA",1
"MRCIGI",1
"MRCVGIGNRDFVEGL",1
"MRCVGVGNRDFVEGL",1
"MRCVGVGNRDFVEGV",1
"MRGAKR",1
"MRRGDLPVWLAYRVA",1
"MRTTWALCEVLTLAT",1
"MSGRGIGKMT",1
"MSYSMC",1
"MTGDIKGIMQAGKRS",1
"MTQKARNALDNLAVL",1
"MTQKTRDALDNLAVL",2
"MTTEDMLKVWNRVWI",1
"MTYKCPRITEAEPDD",1
"MVTQMAMTDTTPFGQ",1
"MYADDTAGWDTRITE",1
"MYFHRRDLRLASNAI",1
"NAAIGAVFVDENQWN",1
"NAEPDGPTPELEEEM",1
"NAVILQNAWKVSCTI",1
"NAVILQNAWKVSCTT",1
"NCLRKSGKRVIQLSR",1
"NDTSNHGETATITPR",1
"NDWDYVVTTDISEMG",1
"NEDHWFSRENSLSGV",1
"NEDHWFSRGNSLSGV",1
"NEELITEQMAPHHKI",1
"NEELITEQMAPHHKT",1
"NEEMVTNHMKGEHKK",1
"NEEQDK",1
"NEGIMAIGIVSILLS",1
"NEGIMAVGIVSILLS",1
"NEGVMAVGLVSILAS",1
"NEMGFLEKTKKDLGL",1
"NEMGLLETTKRDLGM",1
"NEMILLTMKNKAWMVHRQ",1
"NERGKSLLFKTASGI",1
"NFKNPHAKKQDVVVLGSQ",1
"NFRADRVIDPRRCLK",1
"NGKELKCGSGIFVVD",1
"NHALSELPET",1
"NHGETATITPRSPSV",1
"NIEAEP",1
"NILNRRRRTAGMIIMLI",3
"NILVEVQDDGTMKIK",1
"NIMWKQISNELNHIL",1
"NINTPEGIIPSMFEP",1
"NIQVAINQVRRLIGN",1
"NKPTLD",1
"NKWKSAREAVEDGRF",1
"NKWKSAREAVEDSGF",1
"NKWKSAREAVEDSRF",1
"NLIGKEEYVDYMPVM",1
"NLITEMGRLP",1
"NLITEMGRLPTFMTQ",1
"NLLLGVGLAMATTLQ",1
"NLLWKQIANELNYIL",1
"NLMITVDDDGTMRIK",2
"NLMWKQITPELNHIL",1
"NLTSAWVMYGTCTQS",2
"NLTSTWVTYGTCNQA",2
"NLVTPEGKVVDLGCG",1
"NMDVEIWTKEGERKK",1
"NMISRMLINRFTMKH",1
"NMMGKREKKLGEFGR",1
"NNNTQFCIKVLNPYM",1
"NPHAKK",1
"NPIVTE",1
"NPKHVQTKPGLFKTL",1
"NPKNVQTAPGTFKTP",1
"NPKNVQTTPGTFKTP",1
"NPRAVQTKPGLFKTN",1
"NRVSTGSQLAKRFSK",1
"NRVSTGSQLAKRFSR",1
"NRVWIEENPWMEDKT",1
"NSRNTSMAMSCIAVG",2
"NSTHEMYWVSNATGN",1
"NSTSTWVTYGTCTTT",1
"NTPFNMLKRE",1
"NTTSKMLLNRFTTRH",1
"NTTTES",1
"NWFKKG",1
"NWIQKE",1
"NYLDYMTSMKRFKNE",1
"PATLRK",1
"PAVLRKLCIEAKISN",2
"PCKIPF",1
"PEDIEQMANGIALGL",2
"PEGKVVDLGCGRGGW",1
"PEKQRTPQDN",1
"PELNHILSENEVKLT",1
"PENLEY",1
"PFEIMD",1
"PFNMLKRERN",1
"PGADTQ",1
"PGIFQTTTGEIGAIA",1
"PGQLKL",1
"PHAKKQ",1
"PHSGEE",1
"PHSGMGLETRAETWM",1
"PHVGMGLDTRTQTWM",1
"PISEKEENMVKSLVS",1
"PIVTEK",1
"PLALKEFKDFAAGRK",1
"PLALREFKEFAAGRR",1
"PLKLFMALVA",1
"PLNEKEENMVKSQVS",1
"PLPWTSGASTSQETW",1
"PNSLEELGDGLAMGI",1
"PPFGDS",1
"PPFGDSYIVIGAGEKAL",1
"PQSSIT",1
"PRGAVMDIISRKDQR",1
"PRRCLKPVILTDGPE",1
"PRTGLDFNEMILLTM",1
"PSLNEE",1
"PSLRTTTASGKLITEWCCRSCTLPPLRYRG",1
"PSVEVKLPDYGELTL",1
"PTIEKDVDLGAGTRH",1
"PTLDFE",1
"PTQGEP",1
"PTSEIQLTDYGALTL",1
"PTTEIQLTDYGALTL",1
"PVKEKEENLVKSMVS",1
"PVLLGSFGCKPLTMF",1
"PVLLGSLGCKPLTMF",1
"PVNIEA",1
"PYMPSVIEKMEALQR",1
"PYMPSVIEKMETLQR",1
"QASTVEAILPEYGTL",1
"QASTVEAVLPEYGTL",1
"QDKRFL",1
"QEGAMH",1
"QEKGKSLLFKTENGV",1
"QESESNILDIDLRPA",1
"QGEPSL",1
"QGETLGEKWKRQLNQ",1
"QGKAHNGRLITANPV",1
"QGKRLEPSWASVKKD",1
"QGWTSASEAVNDSRF",1
"QHGTIV",1
"QHGTIVIRVQYEGDGSPC",1
"QHLTATEEIAVQNWL",1
"QHLTATEEVAVQDWL",1
"QHLTVTEEIAVQNWL",1
"QHNYRPGYHTQIAGP",1
"QHNYRPGYHTQTAGP",1
"QHNYRQGYATQTAGP",1
"QKARDALDNL",1
"QKETLV",1
"QKNGSWKLEKASLIE",1
"QKVETWALRHPGFTV",1
"QLIRQMEGEGVLSKA",1
"QLIRQMESEGIFLPS",1
"QLIRQMESEGIFSPS",1
"QLKGMS",1
"QLKLNWFKKGSSIGQMFE",1
"QLLLMRTTWAFCEVL",2
"QLLLMRTTWALCEVL",1
"QLTYVVIAIL",1
"QMEDKA",1
"QMFETT",1
"QMFETTMRGAKRMAILGD",1
"QMSSGN",1
"QNILTAIQQVRSLIG",1
"QNTTFIIDGPNTPEC",1
"QPATLR",1
"QPKPGTRMIMTTTAN",1
"QPKPGTRMVMTTTAN",1
"QQLTVTEEIAVKNWL",1
"QQPESNILDIDLRPA",1
"QRIETWILRHPGFTI",1
"QRKKARNTPF",1
"QRKTFVELMRRGDLP",1
"QRPTPRGTVMDIISR",1
"QRRGRIGRNQNKEGD",1
"QRRGRVGRNPQKEND",1
"QRVESWILRNPGFAL",1
"QSCDHRLMSAAIKDE",2
"QSSITE",1
"QSTIPETILELTDAL",1
"QTGEHRRDKRSVALAPH",1
"QTGSASSMVNGVVRL",1
"QTSGGTSIFAGHLKC",1
"QVRSLIGSEEYTDYM",1
"QWCGSLIGLTSRATW",1
"QWFLDLPLPWLPGADTQG",1
"QWLETKGVERLKRMA",1
"QYEGDG",1
"QYICRRDMVDRGWGN",1
"QYSDRRWCFDGERNN",1
"RATWAKNIHTAITQV",1
"RCIGIS",1
"RCPTQG",1
"RDALDNLAVL",1
"RDKRSVALAPHVGLGLETRT",3
"RDLRLAANAICSAVP",1
"RDVDLGAGTRHVAVE",1
"RECGVDRLKRMAISG",1
"REDQWCGSLIGLTAR",2
"REIVVPCRNQDELVG",1
"RETACLGKSYAQMWS",1
"RFANALLALNDMGKV",1
"RFASALTALNDMGKV",1
"RFLCKH",1
"RFSLGMLQGRGPLKLFMA",4
"RFWDLVHRERELHKQ",1
"RGAKRMAILGDTAWDFGS",1
"RGLPIRYQTPAVKSE",1
"RGPSLRTTTASGKLV",1
"RGSSKIRWIVERGMV",1
"RGWGNGCGLFGKGGIVTC",1
"RGYISTRVEMGEAAA",1
"RGYISTRVEMGEAAG",1
"RHPGFTVIALFLAHAIGT",1
"RITEAEPDDVDCWCNATDTW",3
"RITEDDLLNEELITE",1
"RITEDDLQNEELITE",1
"RKEIGRMLNI",1
"RKHMILAVVITLCAI",1
"RKHMILVVVITFCAI",1
"RKHMILVVVTTLCAI",1
"RKKARNTPFN",1
"RKLTSRETALMVIGM",1
"RKWCFDGERNNQILE",1
"RKYCIEAKLTNTTTESRC",1
"RLASAILNAHKDGVC",1
"RLPTFMTQKA",1
"RLQSGVDVFFIPPEK",1
"RLQSGVDVFFTPPEK",1
"RLRGEARKTFVELMR",1
"RLRMDK",1
"RMAISGDDCVVKPID",1
"RMAISGDDCVVKPLD",1
"RMDKLQ",1
"RMDKLQLKGMSYSMCTGK",1
"RNQDELIGRARISQG",2
"RNTPFNMLKR",1
"RNTPFNMLKRERNRVSTV",2
"RPAKNGTVMDVISRR",1
"RPGYFTQTAGPWHLGKLE",1
"RQMEAEGVITQDDMQ",2
"RQMEGEGIFKSIQHL",1
"RQNEPEDIDCWCNST",1
"RSGAYVSAIAQTEKS",1
"RSGTYVSAIAQTEKS",1
"RTAGMIIMLIPTVMA",3
"RTGLDFN",1
"RTSWALCEALTLATG",1
"RTTWALCEALTLATG",1
"RVAAEGINYADRRWC",1
"RVFKEKVDTRTQEPK",1
"RVQYEGDGSPCKIPFEIM",1
"RWCFDGVKNNQILEE",1
"RYQTPAIRAEHTGRE",2
"RYQTPAVKSEHTGRE",1
"SAAIDGEYRLKGESR",1
"SAAIDGEYRLRGEAR",2
"SAAIKDERAVHADMG",1
"SAAIKDNRAVHADMG",1
"SAAVDGEYRLRGEAR",1
"SAVPSHWVPTSRTTW",1
"SCGTGNIVSAVNMTS",1
"SCVTTM",1
"SCVTTMAKNKPTLDFELI",2
"SDKMGMGTTYLALMA",1
"SDRMGMGVTYLALIA",1
"SEGAWKQIQRVETWALRH",1
"SEGFQYSDRRWCFDG",1
"SEGIKYTDRKWCFDG",1
"SFRDLGRVMVMVGAA",1
"SGDDCVVKPLDDRFA",1
"SGEEHA",1
"SGEENAVGNDTGKHG",1
"SGIDFNEMILMKMKK",2
"SGIDFNEMILMKMKT",1
"SGIFVTNEVHTWTEQYKF",1
"SGINMCTLIAMDLGE",1
"SGKELKCGSGIFVID",1
"SGNIVSSVNMISRML",1
"SGNIVSSVNTISKML",1
"SGSASSMVNGVVRLL",1
"SGSSADLSLEKAAEV",1
"SGTTTIFAGHLKCRL",1
"SHHFHQLIMKDGREI",1
"SHWVEITALILGAQA",2
"SIAARGYISTRVEMG",1
"SIATQQPESNILDID",1
"SIGGVFTSVGKLVHQI",1
"SIGGVFTSVGKLVHQVF",1
"SIGKAL",1
"SIGKMFESTYRGAKR",1
"SIGKMFESTYRGAKRMAI",4
"SIGQMF",1
"SIKAGNDIANCLRKN",2
"SIPPTAGILKRWGQL",1
"SITEAE",1
"SITEAELTGYGTVTMECS",1
"SITLDILTEIATLPT",1
"SIVSLFPLCLSTTSQ",1
"SKAINVLRGF",1
"SKMDLGVPLLALGCY",2
"SKNQTWQIEKASLIE",1
"SKNQTWQIERASLIE",2
"SKVRSNAAIGAVFQE",1
"SLAAIANQAAVLMGL",1
"SLGLLCVSIMIEEVM",1
"SLIGLTSRATWAQNI",1
"SLRTTTASGKLITEW",1
"SLTLNLITEM",1
"SLTLNLITEMGRLPT",1
"SLVASVELPNSLEEL",1
"SMAICSAVPTEWFPT",1
"SMCTGK",1
"SMGLLCLTLFVEECL",1
"SMKRFRREEEEAGVL",1
"SMRKTDWLPMTVAAM",1
"SNAVIQDEERDIPER",1
"SNGVLESEMIIPKNF",2
"SNGVLESEMIIPKNL",1
"SNGVLESQMLIPKAY",1
"SNGVLESQMLIPKSY",1
"SNGVLESQMLIPRSY",1
"SNWIQK",1
"SPAATQKAALSEGVY",1
"SPCKIP",1
"SPIVNREGKIVGLYG",1
"SPPKVERAVLDDGIY",1
"SPSELETPNLAERVL",1
"SPVNIE",1
"SQEGAM",1
"SQEGAMHTALTGATEI",4
"SQGAGWSLRETACLG",1
"SQVNPLTLTAAVLML",1
"SRCPTQ",1
"SRETALMVIGMAMTT",1
"SRNKKPRICTREEFT",1
"SRWSRKMLMTGTLAV",1
"SSGNLL",1
"SSGNLLFTGHLKCRL",2
"SSIGQM",1
"SSITEA",1
"SSMINGVVKLLTKPW",1
"STHEMYWVSCGTGNI",1
"STVQQLTKRFSLGMLQGR",4
"SVAARGYISTRVEMG",1
"SVALAPHVGLGLETR",1
"SVALTPHSGMGLETR",1
"SVALVPHVGMGLETR",1
"SVELPNSLEELGDGL",1
"SVIEKMEALQRQYGG",1
"SVIEKMETLQRKYGG",1
"SVSGDLILEIGKLPQ",1
"SWGKAKIIGADIQNT",2
"SWKLEKASLIEVKTC",1
"SWPLNEGIMAIGIVS",1
"SWPLNEGIMAVGIVS",1
"SWTMKI",1
"SYLAGAGLAFSLMKS",1
"SYSMCT",1
"TAEAGGRAYN",1
"TAINQVRSLIGSEEY",1
"TALTGA",1
"TATITPQAPTTEIQL",1
"TCKKNMEGKVVLPENLEY",1
"TDISEMGANFKADRV",1
"TDPCSVAARGYISTR",1
"TDTTPFGQQRVFKEK",1
"TDVKWEDQAEISGSS",1
"TDWLPMTVAAMGVPP",1
"TEAELT",1
"TEAEPDDVDCWCNAT",2
"TEAKMLLDNIYTPEG",2
"TEAKQP",1
"TEIQMS",1
"TEKDSP",1
"TEKPDMTIIGRRLQR",1
"TEMGRLPTFM",1
"TEPPFGESYIVVGAG",1
"TEQYKFQADSPKRLA",1
"TEQYKFQADSPKRLS",1
"TEQYKFQPESPARLA",2
"TESRCP",1
"TFKNAHAKKQEVVVL",1
"TFTMRLLSPVRVPNY",1
"TGATEIQMSSGNLLF",1
"TGDQHQVGNDTQGVT",1
"TGETLGEKWKNRLNS",1
"TGHLKC",1
"TGKFKI",1
"TGKFKVVKEIAE + SCM(T1)",1
"TGKHGK",1
"TGKHGKEIKITPQSSITE",1
"TGLDFNEMVLLQMED",1
"TGLDFNEMVLLTMKE",1
"TGLLVISGVFPVSIP",1
"TGRSADLELERATDV",1
"TGSASSMINGVVKLL",1
"TGSQLAKRFSRGLLN",1
"TGTSADLTVEKAADV",1
"TGYGTVTMECSPRTGLDF",1
"THFDNTQVGTLALSL",1
"TIGIVLLSQSTIPET",1
"TILIKVEYKGEDVPC",1
"TIMDLHPGAGKTKRI",1
"TIMDLHPGAGKTKRY",1
"TKKDLGLGSITTQES",1
"TKKEEPVNIEAEPPF",1
"TLDFEL",1
"TLKGVSYVMCTGSFK",1
"TLNLITEMGR",1
"TLPPLRFKGEDGCWY",1
"TLRVLKMVEPWLSSK",1
"TLSEGVYRIMQRGLF",1
"TLVEEQDANFVCRRT",1
"TLVTFKNPHAKKQDV",1
"TMAKNK",1
"TMECSP",1
"TMKILI",1
"TMPPLRFLGEDGCWY",1
"TMRGAK",1
"TMRGAKRMAILGDTA",1
"TNIWLKLREMYTQLC",1
"TNIWLKLREVYTQLC",1
"TNMEAQLIRQMEGEG",1
"TNTTTE",1
"TPEARNSTFLIDGPD",1
"TPETRNSTFLVDGPD",1
"TPFNMLKRER",1
"TPHSGE",1
"TPQAPTSEIQLTDYG",1
"TPQAPTTEIQLTDYG",1
"TPQSSI",1
"TPRSPSVEVKLPDYG",1
"TQFDNTQVGTLALSL",1
"TQGEPS",1
"TQHGTI",1
"TQKAALSEGVYRIMQ",1
"TQKAELEEGVYRIKQ",1
"TQKARDALDN",1
"TQKATLSEGVYRIMQ",1
"TQQMDPEHRQLANAI",1
"TQVRNLIGKEEYVDY",1
"TRGAVLMYQGKRLEP",2
"TRGAVLTYNGKRLEP",2
"TRGGEPHMIVSKQER",1
"TRGPSLRTTTVSGKL",1
"TRGSVICHESGRLEP",1
"TRHRKPTYERDADLG",1
"TRKVMEITAEWLWRT",1
"TRKYLPAIVREAIKR",1
"TRNGEPHMIVGIQEK",1
"TRNGEPHMIVSRQEK",1
"TRTPQPKPGTRMIMT",1
"TRVGTKHAILLVAVS",2
"TSAGVNMCTLIAMDLGEL",1
"TSGTYVSAIAQAKAS",1
"TSIFKLTYQNKVVRV",1
"TSIGKA",1
"TSIGLLCVMASSVLL",1
"TSKELMMTTIGIVLL",1
"TSQKTTWLPVLLGSL",1
"TSRENLLLGVGLAMA",1
"TTASGKLITEWCCRS",1
"TTASGKLVTQWCCRS",2
"TTATKSEHTGREIVD",1
"TTATRCPTQGEPYLK",1
"TTAVKSEHTGREIVD",1
"TTDSRCPTQGEAILP",1
"TTDSRCPTQGEATLP",1
"TTLSLDYAWKTTAMA",2
"TTMAKN",1
"TTMRGA",1
"TTTESR",1
"TTVITPMLRHTIENS",1
"TTVSGKLIHEWCCRS",1
"TTVTGKIIHEWCCRS",2
"TTWLPVLLGSFGCKP",1
"TVGLSLVASVELPNS",1
"TVIEELEKLQRKHGG",1
"TVNPIV",1
"TVQQLTKRFSLGMLQ",1
"TVTGGIFLFL",1
"TVTMEC",1
"TVVAATMA",1
"TWGKAKIFTPEARNS",1
"TWGKAKMLS",1
"TWGKAKMLSTESHNQ",1
"TWKLARASFIEVKTC",1
"TWMSAEGAWRQVEKV",1
"TWMSSEGAWKQIQRV",1
"TWNDLIRLCIMVGAN",1
"TWQIERASLIEVKTC",2
"TWRDMAHTLIMIGSN",2
"TWVTYGTCNQAGEHR",1
"TWVTYGTCSQTGEHR",1
"TWVTYGTCSQTGEHRRDK",4
"VAGDVKGVLSKGKRA",1
"VAGILAQGKKMIRPQ",1
"VALAPHVGMGLDTRA",1
"VAVQDWLARVGRERL",1
"VAVQNWLARVGRERL",2
"VDSFSLGILCVSIMI",1
"VDSFSLGLLCVSIMI",1
"VEGVSG",1
"VEKAADVTWEEEAEQ",1
"VEKAELEDGAYRIKQ",1
"VEMGEAAAIFMTATP",1
"VEPGQL",1
"VERAVLDDGIYRIMQ",1
"VFCDSKLMSAAIKDN",1
"VFHTMWHVTRGSVIC",1
"VGMGEAAAIFMTATP",1
"VGNDTG",1
"VHTWTEQYKFQPESP",1
"VHWNHKERMVTFKVP",2
"VHWVPTSRTTWSIHA",2
"VIAVEPGKNPKNVQT",1
"VIEHLERLQRKHGGM",1
"VIITWIGMNSRSTSL",2
"VILAGPIPVTPASAA",1
"VIPMVTQIAMTDTTP",1
"VIQLSRKTFDTEYQK",1
"VITPHS",1
"VKEIAE",1
"VKEKEENLVRSMVSA",2
"VKGVLSKGKRALAPP",1
"VKVQRPTPKGTVMDI",1
"VLAIEPGKNPKHVQT",1
"VLAPTRVVASEMAEA",2
"VLEENMDVEIWTKEG",1
"VLEHGS",1
"VLHTAEAGGR",1
"VLIFILLTAVAPSMT",2
"VLKKEVSETQHGTIL",1
"VLLQMEDKAWLVHRQ",1
"VLLQMEEKAWLVHRQWFL",1
"VLLSQSTIPETVLEL",1
"VLLTMKEKSWLVHKQ",1
"VLMYQGKRLEPSWAS",1
"VLNSLGKMVHQIFGSAY",2
"VLPENL",1
"VMDIISRKDQRGSGQ",2
"VMKDGRVLVVPCRNQ",2
"VNGVVRLLTKPWDVV",1
"VNIEAE",1
"VNPIVT",1
"VNVSLTAIANQATVL",1
"VPCRNQDELVGRARV",1
"VPFCSHHFHQLIMKD",1
"VPSHLAHRTRNALDN",2
"VQLIRQMEAEGVITR",1
"VQYEGD",1
"VRNMEKYQLAVTIMA",1
"VSPLLLTSSQQKTDW",2
"VSSVNMISRMLINRF",1
"VSTEIEKPDMTIIGR",1
"VSTETEKPDMTIIGR",1
"VSTVQQLTKR",1
"VSWTMK",1
"VTEEIAVKNWLVRVG",2
"VTEEVAVQNWLARVG",2
"VTEKDS",1
"VTFKNP",1
"VTMECS",1
"VTQIAMTDTTPFGQQ",1
"VTQNGRLITANPIVT",1
"VTTMAK",1
"VTYKCPLLVNTEPED",1
"VVGDIIGVLEQGKRT",1
"VVGDVAGILAQGKKM",2
"VVGDVIGVLEQGKRT",2
"VVKVKYEGAGAPCKV",1
"VVLPEN",1
"VVPCRNQDELIGRAR",1
"VVSPTSYLDVDLHPA",1
"VVSWKNKELKCGSGI",1
"VVSWSGRELKCGSGI",1
"VVTCAKFLCSGKITG",1
"VVTLIPLCRTSCLQK",1
"VVTTDISEMGANFKA",1
"VVTTDISEMGANFRA",1
"VWNRVWIEDNPNMID",1
"WAFCEVLTLATGPIL",1
"WALCESITLATGPLT",1
"WALCEVLTLATGPIM",1
"WALRHPGFTIALFLAHA",3
"WDFGSLGGVFTSIGKALH",4
"WDFGSVGGLFTSLGKAVH",4
"WDTPSPPEVERAVLD",1
"WDVPSPAATQKAALS",1
"WDVPSPPPMGKAELE",1
"WDVPSPPPVGKAELE",1
"WEDVPYLGKREDQWC",1
"WEEVPYLGKREDQWC",1
"WFFDLPLPWTSGATTETP",1
"WFKKGS",1
"WFSRENSLSGVEGEG",1
"WFSRGNSLSGVEGEG",1
"WGFLSRNKKPRICTR",1
"WIGMNSRSTSLSVSL",1
"WIGTNSRNTSMAMTC",1
"WIQENPWMEDKTPVE",1
"WIQKET",1
"WKNRLNALGKSEFQI",1
"WKNRLNSLGKSEFQI",1
"WKQIQRVETWALRHP",1
"WKVSCTILAVVSVSP",2
"WLAYRVAAEGINYAD",1
"WLVHRQWFLDLPLPW",1
"WMVRILIGLLVLWIG",1
"WNKKELLVTFKNAHA",1
"WPKSHTLWSNGVLES",1
"WPKTHTLWSNGVLES",1
"WQLMYFHRRDLRLAA",1
"WRTATLILAGVSLLP",1
"WSLRETACLGKSYAQ",1
"YADRRWCFDGIKNNQ",2
"YADRRWCFDGVKNNQ",1
"YAMCSNAFVLKKEVS",1
"YCIEAK",1
"YDAKFEKQLGQIMLL",1
"YDPKFEKQLGQVMLL",1
"YEGDGS",1
"YETKQTGSASSMVNG",1
"YGGALVRNPLSRNST",1
"YGGSLVRCPLSRNST",1
"YGTVTM",1
"YGVERLKRMAISGDD",1
"YHGSYEAPSTGSASS",1
"YIIIGVEPGQLKLNW",1
"YILEDIDKKDGDLIY",1
"YIVIGAGEKALKLSWF",1
"YIVVGAGEKALKQCWFK",1
"YKDREWCFTGERNNQ",1
"YKERMVTFKVPHAKR",1
"YLGKREDQWCGSLIG",1
"YMPSVVETLEQMQRK",2
"YNHALSELPETLETL",1
"YQHALNELPESLETL",1
"YRHAVEELPETMETL",1
"YSMCTG",1
"YTVIITVHTGDQHQV",1
"YVSAIAQAKASQEGP",1
"YVSAIAQTEKSIEDN",1
"YYCAGLKKVTEVKGY",1
"YYCAGLKKVTEVRGY",1
"YYCGGLKNVKEVKGL",2
"YYMATLKNVTEVKGY",2
