Epitope,cuenta_total
ADTQGS,1
AECPNTNRAWNSLEV,5
AECPNTNRAWNSLEVEDYGFGVFTTNIW,4
AELTGY,1
AELTGYGTVT,4
AIKDNRAVHA,1
AIYGAA,1
AIYGAAFSGVSWTMKILI,10
AKMLSTELH,1
AKMLSTESHNQTFLI,1
AKNKPTLDFELIKTEAKQPAT,8
AKQPATLR,5
ALHQVF,1
ALHQVFGAIYGAAFSGVS,3
ALHQVFGAIYGAAFSGVSWT,4
ALTGAT,1
AMFTCK,1
ATEIQMSSGNLLFTGHLK,3
ATLRKY,1
ATLRKYCI,4
AVHADMGYWIESALNDT,5
AVLHTA,1
AWDFGS,1
AWLVHR,1
AWLVHRQWFLDLPLPW,4
CAMFTC,1
CEDTITYKCPLLRQNEPEDIDCW,2
CGLFGK,1
CIEAKLTNTTTESRCPTQGEPSLNEEQDKRFLCKHSMVDRGWGNGCGLFGKGGIVTCAMFTCKKNMEGKVVLPENL,1
CIEAKLTNTTTESRCPTQGEPSLNEEQDKRFLCKHSMVDRGWGNGCGLFGKGGIVTCAMFTCKKNMEGKVVLPENLEYTIVITPHSGEEHAVGNDTGKHGKEIKITPQSSITEAELTGYGTVTMECSPRTGLDFNEMVLLQMEDKA,1
CKHSMV,1
CKIPFEIMDLEKRHVLGRL,5
CKKNME,1
CKKNMEGKVVLPENLEYTIV,5
CPFLKQNEPEDIDCW,7
CRLRMD,1
CSPRTG,1
CTGKFKIVKEIAETQHGTIVIRVQYEGDGSPC,8
DFELIK,1
DFNEMV,1
DFVEGV,1
DGTTVVVTEDCGNRG,1
DKAWLV,1
DKRFLC,1
DKRFLCKHSMVDRG,1
DLPLPW,1
DNRAVHADMGYWI,1
DRGWGN,1
DRGWGNGC,2
DSGCVVSWK,2
DSGCVVSWKNKELKC,10
DSGCVVSWKNKELKCGSGIFITDNVHTWTEQYKFQPESPS,2
DSYIII,1
DTAWDF,1
DTGKHG,1
DTQGSN,1
DTQGSNWIQKETLVNFKN,5
DTQGSNWIQKETLVTFKNPHAKKQD,11
DVVVLG,1
EADPPFG,3
EAELTGYG,1
EAEPPFG,3
ECSPRT,1
EDKAWL,1
EDYGFGVFTTNIWLKLREKQ,1
EEGICGIRSVTRLEN,2
EGKVVL,1
EHAVGN,1
EIKITP,1
EIKITPQSSITEAFLTGY,4
EIMDLDNRHV,1
ELHNQTFLIDGPETAEC,6
ELRYSWKTWGKAKMLSTELH,7
EMVLLQ,1
EPG,1
EPGQLKLNWFKKGSS,2
EPSLNE,1
EPSLNEEQDKRFLCKHSMVDR,3
ETLVTF,1
ETLVTFKN,3
ETQHGT,1
EYTIVI,1
FETTMR,1
FGAIYG,1
FGDSYI,1
FGDSYIIIGVEPGQLKL,3
FGKGGI,1
FGSLGG,1
FHLTTRGGEPHMIVSK,4
FHLTTRNGEPHMIVSR,1
FKNPHA,1
FKNPHAKKQDVVVLGSQEGAMHT,2
FLCKHSMVDRGWGNGCGLFGKGGIVTCAMFT,1
FLDLPL,1
FLEKTKKDFGL,6
FLRFLTIPPT,1
FSGVSW,1
FSGVSWTM,1
GAIYGA,1
GATEIQ,1
GCGLFG,1
GCVVSWKNK,2
GDIKGIMQAGKRSLR,2
GDSYII,1
GDTAWD,1
GGIVTC,1
GGVFTS,1
GILKRWGTIKKSKAINVL,2
GIVTCA,1
GKGGIV,1
GKHGKEIKIT,2
GKHGKEVKIT,1
GKLEMDFDFCDGTTV,2
GKLITEW,4
GKVVLP,1
GKVVLPEN,1
GKVVLPENLEYTIVITPH,9
GLDFNE,1
GLETRTETWMSSEGAWKQ,4
GLFGKG,1
GLFGKGGIVTCAMFT,3
GLFGKGGIVTCAMFTC,7
GLFGKGGIVTCAMFTCKK,11
GLLVISGLFPVSIPITAA,4
GNGCGL,1
GNLLFT,1
GNLLFTGH,1
GPVSQHNNR,1
GRGPLKLFMALVAFLRFL,2
GRLITV,1
GRLITVNP,1
GRLITVNPIVT,8
GRLTTVNPIVT,8
GSNWIQ,1
GSPCKIPFEIMDLEKRHV,3
GTIVIR,1
GTIVIRVQYEG,4
GVEPGQ,1
GVFTSI,1
GVFTTNIWLKLKEKQ,1
GVIITW,1
GVSGGS,1
GVSWTM,1
GVVTLY,1
GWGNGC,1
GYGTVT,1
HGTIVI,1
HQVFGA,1
HQVFGAIYGAAFSGVS,6
HRQWFL,1
HSMVDR,1
HTQITGPWHLGKLEM,2
HVLGRL,1
HWVPTSRTTWSIHAK,6
IAETQHGTI,1
IGETLGEKWKSRLNA,6
IGISNR,1
IGISNRDFV,4
IGQMFE,1
IGQMFETTMR,2
IGQMFETTMRGAKRMAILGDTAWDFGSLGGVFTSIGKA,3
IGVIIT,1
IIIGVE,1
IITWIG,1
IITWIGMNSRSTSLSVSL,4
IKKSKAINVLRGFRKEI,3
IMKNPTV,14
IQMSSGNLLFTGHLKCRLRMDKLQLKGMS,1
IRVQYE,1
ISNRDF,1
ITDNVHTWTEQYKFQ,6
ITPELNHILSENEVK,5
ITVNPIVTEKDSPVNIE,13
ITWIGM,1
ITYNCPLLRQNEPEDI,1
IVIRVQ,1
IVSRQEKGKS,14
IVSRQEKGKSLLFKTE,1
IVTCAM,1
IVTCAMF,3
IYGAAF,1
KAWLVH,1
KAWLVHRQWFLDLPLPWL,3
KDSPVNIEAEPPFGDSYIIIGVEPGQLK,3
KEIAETQHGT,2
KEIGRMLNILNRRRRTA,4
KELKCGSGIFITDNV,2
KGGIVT,1
KGKSLLFKTENGVNMC,11
KGMSYSMCTGKFK,1
KGMSYSMCTGKFKIVKEI,3
KHSMVDRGWGNGC,8
KIEKASFIEVKNCHW,2
KILIGV,1
KILIGVIITWIGM,4
KILIGVIITWIGMNSRST,2
KKGSSIGKM,1
KKGSSIGQM,2
KKGSSIGQMIETTMRGAK,4
KKNMEG,1
KLASAIQKAHEEGIC,2
KLKEKQDVFCDSKL,1
KLNWFKKGSSIGQ,7
KNCHWPKSHTLWSNGVLESEMIIPKNLAGPVSQHNYRPGYHTQITG,5
KNPHAK,1
KQNEPEDI,3
KRERNRVSTVQQLTKRF,1
KRFVCKHSMVDRGWGNGCGL,4
KRHVLG,1
KRSLRPQPTELKYSW,2
KRSLRPQPTELKYSWKTWGKAKMLSTESHN,5
KTWG,9
KVVLPE,1
LCKHSM,1
LDFELI,3
LDLPLP,1
LENLMWKQI,1
LETRTETWMSSEGAWKHAQRIE,2
LEYTIV,1
LFGKGG,1
LFTGHL,1
LFTGHLKCRLRMDKLQLKGM,1
LGDTAW,1
LGGVFT,1
LGRLIT,1
LGSQEG,1
LGSQEGAMHTALTGATEI,3
LHQVFG,1
LIGVII,1
LITVNP,1
LITVNPI,1
LITVNPIVT,2
LKCRLR,1
LKLNWF,1
LKYSWKTWGKAKMLS,2
LLFTGH,1
LLQMED,1
LLRQNEPEDIDCWCNS,1
LNEEQD,1
LPGADT,1
LPLPWL,1
LPLPWLPG,4
LPWLPG,1
LPWLPGADTQGSNWIQKE,3
LRKYCI,1
LRYRGEDGCWYGMEI,4
LRYSWKTWG,3
LRYSWKTWGKA + NAc(L1),2
LRYSWKTWGKAKMLSTEL,1
LSVSLV,1
LTGYGT,1
LTLNLITEMG,1
LTTRNGEPHMIVMRQEKGKSLLFKTGDGV,3
LVGVVT,1
LVHRQW,1
LVLVGV,1
LVTFKN,1
LWSNGVLESEMIIPK,2
LYLGAM,1
MAILGD,1
MAKNKP,1
MALVAFLRFLTIPPTAGI,1
MECSPR,1
MEDKAW,1
MEGKVV,1
MFTCKK,1
MHTALTGATEIQMSSGNL,8
MIIPKNLAGPVSQHN,5
MRCIGISNRDFVEGVSGG,3
MRCIGISNRDFVEGVSGGSWVDIVLEHGSC,10
MSSGNL,1
MTQKAR,1
MVDRGW,1
MVDRGWG,28
MVDRGWGNGCGL,4
MVLLQM,5
NDTGKH,1
NEMVLL,1
NGCGLF,1
NGCGLFGK,1
NILNRRRRTAGMIIMLI,1
NKPTLDFELI,1
NLEYTI,1
NLEYTIVITP,4
NLEYTIVITPHSGEEHAV,3
NLLFTG,1
NMEGKV,1
NNQRKKAKNTPFNMLKRERN,3
NNQRKKARNTPFNMLKR,4
NQRKKARN,2
NRDFVE,1
NRDFVEGVSGGSWVDIVL,7
NSRSTS,1
NSTSTWVTYGTCTTTGEHRREKRSV,3
NTTTESRCPT,1
NVLRGFRKEIGRMLNIL,4
PEDIDCWCNSTSTWVT,1
PESPSKLASA,1
PFGDSY,1
PFGDSYIIIGVE,4
PFGDSYIIIGVEPGQLKL,4
PGFTVMAAIL,12
PLPWLP,1
PLPWLPGA,4
PRTGLD,1
PSLRTTTASGKLITEWCCRSCTLPPLRYRG,5
PVSQHNYRPGYHT,7
PWHLGKLEM,3
PWHLGKLEMDFDFCEGTTVVVTEDCGNRGPSLRTTTASGKLITEWC,2
PWLPGA,1
QDVVVL,1
QDVVVLGS,3
QGSNWI,1
QLKLDWFKKGSS,2
QLKLNW,1
QLKLNWF,4
QLKLNWFKKGSS,6
QPTELRYSW,4
QTFLIDGPETAECPN,1
QVFGAI,1
QWFLDL,1
QYKFQPESPSKLASA,2
RCPTQGE,17
RCPTQGEPSLNEEQDKRF,4
RDFVEG,1
RDKRSVALAPHVGLGLETRT,1
RGAKRM,1
RGEARK,19
RGFRKEI,2
RGWGNG,1
RHVLGR,1
RHVLGRLITVNP,4
RHVLGRLITVNPIVT,2
RITEAEPDDVDCWCNATDTW,1
RKYCIE,1
RLITVN,1
RMAILG,1
RMLNILN,2
RNTPFNMLKRERNRVSTV,2
RPQPTELRY,4
RQNEPEDIDCWCNSTSTWVTYGTCTTTGEHRREKRS,3
RQWFLD,1
RSTSLS,1
RTAGMIIMLIPTVMA,1
RTGLDF,1
RTGLDFN,3
RTTTASGKL,2
RTTTASGKLIT + NAc(R1),2
RVGRNPKNEN,7
RVQYEG,1
RVQYEGDGSPCKIPFEIM,3
SCVTTMAKNKPTLDFELI,3
SGGSWV,1
SGNLLF,1
SGNLLFTGHL,4
SGNLLFTGHLKCRLRMDK,6
SGNLLFTGHLKCRLRMDKLQLKGMSYSMCTG,2
SGVSWT,1
SGVSWTMKILIGVIITWI,3
SKLMSAAIKDNRAVH,2
SLGGVF,1
SLNEEQ,1
SLSVSL,1
SLVLVG,1
SLVLVGVVTLYLGAMVQA,4
SMVDRG,1
SNRDFV,1
SPRTGL,1
SRCPTQGEPSLNEEQDKRFLCKHSMVDRGWGNGC,3
SRSTSL,1
SRSTSLSVSLVLVGVVTL,4
SRSTSLSVSLVLVGVVTLYLGAMV,4
SSGNLLFTGH,1
STSLSV,1
SVSLVL,1
SWVDIV,1
SYIIIG,1
SYSMCTGKFKIVKEIAETQHGTIVIRVQYEGDGSPCKIPFEIMDLEKRHVLGRLITVNPIVTEKDSPVNIEAEPPFGDSYIIIGVEPG,1
SYSMCTGKFKIVKEIAETQHGTIVIRVQYEGDGSPCKIPFEIMDLEKRHVLGRLITVNPIVTEKDSPVNIEAEPPFGDSYIIIGVEPGQLKLNWFKKGSS,2
SYSMCTGKFKVV,9
TAWDFG,1
TAWDFGSLGGVFTSIG,4
TCAMFT,1
TCKKNM,1
TEAKQPATLR,2
TELKYSWKT,1
TELRYSWKT,12
TELRYSWKTWGKAKM,1
TFKNPH,1
TGATEI,1
TGLDFN,1
TGYGTV,1
TGYGTVTMECSPRTGLDFNE,1
TIVIRV,1
TIVIRVQYE,1
TIVITP,1
TLRKYC,1
TLVTFK,1
TLYLGA,1
TPHSGEEHAVGNDTGKHGKEIKITPQSSITE,5
TQGSNW,1
TQGSNWIQ,4
TRLENLMWK,11
TRLENLMWK + NAc(T1),3
TRLENLMWKQITPEL,6
TSLSVS,1
TTASGKLIT,15
TTASGKLITEWCCRS,3
TTESRC,1
TWIGMN,1
TWKIEKASF,3
VCKHSMVDRGWG,6
VDIVLE,1
VDRGWG,1
VDRGWGNGC,1
VEPG,2
VFGAIY,1
VFTSIG,1
VFTSIGKALHQVFGAIYG,3
VGVVTL,1
VHRQWF,1
VHRQWFLDLPLP,1
VHTWTEQYK,9
VHTWTEQYK + NAc(V1),3
VHTWTEQYKFQPES,3
VIITWI,1
VIRVQY,1
VKEIAETQHG,9
VKEIAETQHGTIVIRVQY,12
VKSCHWPKSHTLW,8
VLGRLI,1
VLGSQE,1
VLLQME,1
VLLQMEEKAWLVHRQWFL,11
VLVGVV,1
VNIEAEPPFGDSYIIIGV,4
VNMCTLMAMDLGELCE,1
VQYEGDGSPCKI,9
VSGGSW,1
VSGGSWVDIVLE,4
VSGGSWVDIVLEHGSCVT,3
VSLVLV,1
VSLVLVGVVTLYLGAMVQ,4
VSQHNYRPGYHTQIT,5
VSRQE,25
VSTVQQLTKR,1
VTCAMF,1
VTEKDSPVNIEAEPPFGD,3
VTLYLG,1
VVLGSQ,1
VVSWKNKEL,3
VVSWKNKELKC,3
VVTLYL,1
VVVLGS,1
WALRHPGFTIALFLAHA,1
WCCRSCTLPPLRYRG,1
WCCRSCTLPPLRYRGEDGCW,2
WDFGSL,1
WFLDLP,1
WGNGCG,1
WGNGCGLFG,1
WIESALNDTWKIEKA,1
WIGMNS,1
WKTWGKAKM,1
WLPGAD,1
WLVHRQ,1
WTMKIL,1
WVDIVL,1
YCIEAKLTNTTTASRCPTQG,1
YCIEAKLTNTTTESRCPTQG,1
YGAAFS,1
YGMEIRPLK,3
YGMEIRPLKEKEENL,1
YIIIGV,1
YLGAMV,1
YNHALS,1
YSMCTG,3
YSWKTWG,15
YSWKTWGKA,15
YTIVIT,1
