"Epitope","Epitope.ID...IEDB.IRI"
"AEPDDVDCWCNATDTWV","952005"
"AWEEGVCGIRSATRLENI","952040"
"CGNRGPSLRTTTVTG","132200"
"CIEAKISNTTTDSRCPT","1860813"
"CIEAKISNTTTDSRCPTQGEATLVEEQDTNFVCRRTFV","113304"
"CVTTMAKDKPTLDIELL","1860816"
"DANFVCRRTFVDRGWG","1860818"
"DDQRAWNIWEVEDYGFGI","952057"
"DSGCVINWKGRELKC","132233"
"DSGCVVNWKGRELKCGSGIFVTNEVHTWTEQYKFQADSPK","145749"
"EGTTVVVDEHCGNRGPSL","952073"
"EIQLTDYGALTLDCSPRT","952075"
"ELCEDTMTYKCPRITEA","952078"
"EVTNPAVLRKLCIEAKIS","952088"
"FGTAYGVLFSGVSWTMKI","952095"
"FKLEKEVAE","16396"
"FSGVSWTMKIGIGILLTW","952111"
"GIFTTNIWLKLRDSYTQV","952132"
"GPNTPECPDDQRAWNIWE","952144"
"HKYSWK","24168"
"HKYSWKSWGKAKIIG","132365"
"IGILLTWLGLNSRSTSL","1860838"
"IRSATRLENIMWKQISNE","952178"
"ISNELNHILLENDMK","132390"
"ISNTTTDSRCPTQGEATL","952181"
"IVQYENLKYSVIVTVHTG","952185"
"KEENLVKSLVSAGSG","132397"
"KFQADSPKRLSAAIGKAW","952193"
"KGRELKCGSGIFVTNEVH","952195"
"KGSSIGKMFEATARGAR","1860844"
"KKMIRPQPMEHKYSWKSWGKAKIIGADIQN","619578"
"KMFEATARGARRMAILGD","952215"
"KSWLVHKQWFLDLPLPWT","952223"
"LAQGKKMIRPQPMEHKYS","952226"
"LEKEVAETQHGTVLVQI","1860849"
"LELDFDLCEGTTVVVDEH","952238"
"MVLLTMKEKSWLVHKQWF","952280"
"NELNHILLENDMKFTVVV","952283"
"NFVCRRTFVDRGWGNG","1860854"
"NIMWKQISNELNHILLEN","952286"
"PECPDDQRAWNIWEVEDYGFGIFTTNIW","145935"
"PPFGDSYIVIGAGEKAL","1860861"
"PWHLGKLELDFD","160438"
"QETWNRQDLLVTFKTAHA","952302"
"QNTTFIIDGPNTPECPDD","952311"
"QRVETWALRHPGFTVIAL","952315"
"RCPTQGE","2224366"
"RGARRMAIL","136877"
"RKLCIEAKISNTTTDSRC","952341"
"RLSAAIGKAWEEGVCGIR","952348"
"RPQPMEHKYSWKSWGKAK","952354"
"RTGLDFNEMVLLTMKEKS","952360"
"SAAIKDSKAVHADMGYWI","952367"
"SIGGVFTSVGKLVHQI","1860875"
"SIGGVFTSVGKLVHQVF","1860876"
"SKAVHADMGYWIESE","132660"
"SRCPTQGEATLVEEQDA","1860881"
"STQTAGPWHLGKLEL","132687"
"TAWDFGSIGGVFTSVGK","1860882"
"TEHGTTATITPQAPTSEI","952417"
"TQNGRLITANPIVTD","697123"
"TWADFGSIGGVFTSVGK","1860888"
"VGKLVHQIFGTAYGVLFS","952576"
"VTNEVHTWTEQYKFQ","132727"
"VTNEVHTWTEQYKFQADSPK","628007"
"WEVEDYGFGIFTTNIWLK","952595"
"WFLDLPLPWTSGASTSQE","952596"
"WPKSHTLWSNGVLESEMI","952603"
"YIVIGAGEKALKLSWF","1860898"
"YIVVGAGEKALKQCWFK","1860899"
"ADTQGS","783"
"AECPNTNRAWNSLEV","922138"
"AECPNTNRAWNSLEVEDYGFGVFTTNIW","145703"
"AELTGY","1062"
"AELTGYGTVT","1064"
"AIKDNRAVHA","134637"
"AIYGAA","2133"
"AIYGAAFSGVSWTMKILI","538806"
"AKMLSTELH","2246"
"AKMLSTESHNQTFLI","922157"
"AKNKPTLDFELIKTEAKQPAT","2253"
"AKQPATLR","2270"
"ALHQVF","2611"
"ALHQVFGAIYGAAFSGVS","538812"
"ALHQVFGAIYGAAFSGVSWT","2612"
"ALTGAT","2925"
"AMFTCK","3092"
"ATEIQMSSGNLLFTGHLK","538813"
"ATLRKY","5047"
"ATLRKYCI","5048"
"AVHADMGYWIESALNDT","944911"
"AVLHTA","5431"
"AWDFGS","5645"
"AWLVHR","5674"
"AWLVHRQWFLDLPLPW","5675"
"CAMFTC","6007"
"CEDTITYKCPLLRQNEPEDIDCW","6155"
"CGLFGK","6309"
"CIEAKLTNTTTESRCPTQGEPSLNEEQDKRFLCKHSMVDRGWGNGCGLFGKGGIVTCAMFTCKKNMEGKVVLPENL","113306"
"CIEAKLTNTTTESRCPTQGEPSLNEEQDKRFLCKHSMVDRGWGNGCGLFGKGGIVTCAMFTCKKNMEGKVVLPENLEYTIVITPHSGEEHAVGNDTGKHGKEIKITPQSSITEAELTGYGTVTMECSPRTGLDFNEMVLLQMEDKA","113307"
"CKHSMV","6484"
"CKIPFEIMDLEKRHVLGRL","6487"
"CKKNME","6495"
"CKKNMEGKVVLPENLEYTIV","6496"
"CPFLKQNEPEDIDCW","6763"
"CRLRMD","6931"
"CSPRTG","7057"
"CTGKFKIVKEIAETQHGTIVIRVQYEGDGSPC","7149"
"DFELIK","8259"
"DFNEMV","8294"
"DFVEGV","8329"
"DGTTVVVTEDCGNRG","2157335"
"DKAWLV","8843"
"DKRFLC","8981"
"DKRFLCKHSMVDRG","8982"
"DLPLPW","9235"
"DNRAVHADMGYWI","1399316"
"DRGWGN","9978"
"DRGWGNGC","9979"
"DSGCVVSWK","10124"
"DSGCVVSWKNKELKC","10125"
"DSGCVVSWKNKELKCGSGIFITDNVHTWTEQYKFQPESPS","145750"
"DSYIII","10278"
"DTAWDF","10298"
"DTGKHG","10346"
"DTQGSN","10463"
"DTQGSNWIQKETLVNFKN","538824"
"DTQGSNWIQKETLVTFKNPHAKKQD","10464"
"DVVVLG","10789"
"EADPPFG","571638"
"EAELTGYG","11029"
"EAEPPFG","571639"
"ECSPRT","11263"
"EDKAWL","11362"
"EDYGFGVFTTNIWLKLREKQ","615058"
"EEGICGIRSVTRLEN","2157336"
"EGKVVL","12209"
"EHAVGN","12321"
"EIKITP","12486"
"EIKITPQSSITEAFLTGY","1860820"
"EIMDLDNRHV","78140"
"ELHNQTFLIDGPETAEC","945047"
"ELRYSWKTWGKAKMLSTELH","13267"
"EMVLLQ","13426"
"EPG","13650"
"EPGQLKLNWFKKGSS","144885"
"EPSLNE","13766"
"EPSLNEEQDKRFLCKHSMVDR","13767"
"ETLVTF","14475"
"ETLVTFKN","14476"
"ETQHGT","14513"
"EYTIVI","15099"
"FETTMR","15751"
"FGAIYG","15952"
"FGDSYI","15968"
"FGDSYIIIGVEPGQLKL","1860826"
"FGKGGI","15998"
"FGSLGG","16060"
"FHLTTRGGEPHMIVSK","1860827"
"FHLTTRNGEPHMIVSR","186754"
"FKNPHA","16421"
"FKNPHAKKQDVVVLGSQEGAMHT","16422"
"FLCKHSMVDRGWGNGCGLFGKGGIVTCAMFT","16535"
"FLDLPL","16552"
"FLEKTKKDFGL","196467"
"FLRFLTIPPT","16874"
"FSGVSW","17726"
"FSGVSWTM","17727"
"GAIYGA","18634"
"GATEIQ","18784"
"GCGLFG","18866"
"GCVVSWKNK","18929"
"GDIKGIMQAGKRSLR","2157344"
"GDSYII","19121"
"GDTAWD","19122"
"GGIVTC","19893"
"GGVFTS","20069"
"GILKRWGTIKKSKAINVL","608474"
"GIVTCA","20484"
"GKGGIV","20569"
"GKHGKEIKIT","78169"
"GKHGKEVKIT","78170"
"GKLEMDFDFCDGTTV","2157354"
"GKLITEW","499195"
"GKVVLP","20724"
"GKVVLPEN","20725"
"GKVVLPENLEYTIVITPH","538853"
"GLDFNE","20793"
"GLETRTETWMSSEGAWKQ","1860834"
"GLFGKG","20850"
"GLFGKGGIVTCAMFT","20851"
"GLFGKGGIVTCAMFTC","20852"
"GLFGKGGIVTCAMFTCKK","538855"
"GLLVISGLFPVSIPITAA","237736"
"GNGCGL","21431"
"GNLLFT","21466"
"GNLLFTGH","21467"
"GPVSQHNNR","21827"
"GRGPLKLFMALVAFLRFL","608515"
"GRLITV","22132"
"GRLITVNP","22133"
"GRLITVNPIVT","22134"
"GRLTTVNPIVT","167102"
"GSNWIQ","22434"
"GSPCKIPFEIMDLEKRHV","538856"
"GTIVIR","22716"
"GTIVIRVQYEG","22717"
"GVEPGQ","22953"
"GVFTSI","22972"
"GVFTTNIWLKLKEKQ","180496"
"GVIITW","23004"
"GVSGGS","23139"
"GVSWTM","23160"
"GVVTLY","23207"
"GWGNGC","23249"
"GYGTVT","23349"
"HGTIVI","23961"
"HQVFGA","24656"
"HQVFGAIYGAAFSGVS","24657"
"HRQWFL","24703"
"HSMVDR","24816"
"HTQITGPWHLGKLEM","2157366"
"HVLGRL","25061"
"HWVPTSRTTWSIHAK","195466"
"IAETQHGTI","25262"
"IGETLGEKWKSRLNA","195482"
"IGISNR","26246"
"IGISNRDFV","26247"
"IGQMFE","26307"
"IGQMFETTMR","26308"
"IGQMFETTMRGAKRMAILGDTAWDFGSLGGVFTSIGKA","26309"
"IGVIIT","26338"
"IIIGVE","26537"
"IITWIG","26714"
"IITWIGMNSRSTSLSVSL","947360"
"IKKSKAINVLRGFRKEI","609022"
"IMKNPTV","196555"
"IQMSSGNLLFTGHLKCRLRMDKLQLKGMS","28191"
"IRVQYE","28415"
"ISNRDF","28637"
"ITDNVHTWTEQYKFQ","922326"
"ITPELNHILSENEVK","2157368"
"ITVNPIVTEKDSPVNIE","29138"
"ITWIGM","29147"
"ITYNCPLLRQNEPEDI","423012"
"IVIRVQ","29315"
"IVSRQEKGKS","225765"
"IVSRQEKGKSLLFKTE","423013"
"IVTCAM","29463"
"IVTCAMF","29464"
"IYGAAF","29582"
"KAWLVH","30025"
"KAWLVHRQWFLDLPLPWL","538878"
"KDSPVNIEAEPPFGDSYIIIGVEPGQLK","30249"
"KEIAETQHGT","1125186"
"KEIGRMLNILNRRRRTA","609231"
"KELKCGSGIFITDNV","2157371"
"KGGIVT","30937"
"KGKSLLFKTENGVNMC","423017"
"KGMSYSMCTGKFK","31015"
"KGMSYSMCTGKFKIVKEI","538883"
"KHSMVDRGWGNGC","31154"
"KIEKASFIEVKNCHW","2157372"
"KILIGV","31322"
"KILIGVIITWIGM","31323"
"KILIGVIITWIGMNSRST","538884"
"KKGSSIGKM","31557"
"KKGSSIGQM","31558"
"KKGSSIGQMIETTMRGAK","1860845"
"KKNMEG","31649"
"KLASAIQKAHEEGIC","922346"
"KLKEKQDVFCDSKL","969058"
"KLNWFKKGSSIGQ","32062"
"KNCHWPKSHTLWSNGVLESEMIIPKNLAGPVSQHNYRPGYHTQITG","229305"
"KNPHAK","32587"
"KQNEPEDI","186769"
"KRERNRVSTVQQLTKRF","609471"
"KRFVCKHSMVDRGWGNGCGL","1860847"
"KRHVLG","33155"
"KRSLRPQPTELKYSW","867488"
"KRSLRPQPTELKYSWKTWGKAKMLSTESHN","620022"
"KTWG","141693"
"KVVLPE","34238"
"LCKHSM","35062"
"LDFELI","35153"
"LDLPLP","35218"
"LENLMWKQI","35628"
"LETRTETWMSSEGAWKHAQRIE","35725"
"LEYTIV","35777"
"LFGKGG","35840"
"LFTGHL","35994"
"LFTGHLKCRLRMDKLQLKGM","35995"
"LGDTAW","36077"
"LGGVFT","36136"
"LGRLIT","36304"
"LGSQEG","36324"
"LGSQEGAMHTALTGATEI","538914"
"LHQVFG","36415"
"LIGVII","36542"
"LITVNP","36734"
"LITVNPI","78194"
"LITVNPIVT","36735"
"LKCRLR","36813"
"LKLNWF","36947"
"LKYSWKTWGKAKMLS","180603"
"LLFTGH","37301"
"LLQMED","37709"
"LLRQNEPEDIDCWCNS","423035"
"LNEEQD","38201"
"LPGADT","38490"
"LPLPWL","38583"
"LPLPWLPG","38584"
"LPWLPG","38771"
"LPWLPGADTQGSNWIQKE","538916"
"LRKYCI","39132"
"LRYRGEDGCWYGMEI","922403"
"LRYSWKTWG","39255"
"LRYSWKTWGKA + NAc(L1)","39256"
"LRYSWKTWGKAKMLSTEL","179855"
"LSVSLV","39748"
"LTGYGT","39936"
"LTLNLITEMG","40018"
"LTTRNGEPHMIVMRQEKGKSLLFKTGDGV","40207"
"LVGVVT","40380"
"LVHRQW","40383"
"LVLVGV","40461"
"LVTFKN","40610"
"LWSNGVLESEMIIPK","132466"
"LYLGAM","40837"
"MAILGD","41052"
"MAKNKP","41058"
"MALVAFLRFLTIPPTAGI","609994"
"MECSPR","41307"
"MEDKAW","41310"
"MEGKVV","41365"
"MFTCKK","41541"
"MHTALTGATEIQMSSGNL","538919"
"MIIPKNLAGPVSQHN","1639768"
"MRCIGISNRDFVEGVSGG","538922"
"MRCIGISNRDFVEGVSGGSWVDIVLEHGSC","42453"
"MSSGNL","42669"
"MTQKAR","42859"
"MVDRGW","42928"
"MVDRGWG","141963"
"MVDRGWGNGCGL","42929"
"MVLLQM","42965"
"NDTGKH","43530"
"NEMVLL","43693"
"NGCGLF","43963"
"NGCGLFGK","43964"
"NILNRRRRTAGMIIMLI","610172"
"NKPTLDFELI","44575"
"NLEYTI","44699"
"NLEYTIVITP","44700"
"NLEYTIVITPHSGEEHAV","538925"
"NLLFTG","44778"
"NMEGKV","44967"
"NNQRKKAKNTPFNMLKRERN","115155"
"NNQRKKARNTPFNMLKR","610175"
"NQRKKARN","45616"
"NRDFVE","45659"
"NRDFVEGVSGGSWVDIVL","538926"
"NSRSTS","45965"
"NSTSTWVTYGTCTTTGEHRREKRSV","46011"
"NTTTESRCPT","78222"
"NVLRGFRKEIGRMLNIL","610208"
"PEDIDCWCNSTSTWVT","423041"
"PESPSKLASA","134758"
"PFGDSY","47494"
"PFGDSYIIIGVE","47495"
"PFGDSYIIIGVEPGQLKL","538928"
"PGFTVMAAIL","47653"
"PLPWLP","48459"
"PLPWLPGA","48460"
"PRTGLD","49261"
"PSLRTTTASGKLITEWCCRSCTLPPLRYRG","622450"
"PVSQHNYRPGYHT","1402689"
"PWHLGKLEM","50030"
"PWHLGKLEMDFDFCEGTTVVVTEDCGNRGPSLRTTTASGKLITEWC","145955"
"PWLPGA","50039"
"QDVVVL","50535"
"QDVVVLGS","50536"
"QGSNWI","50959"
"QLKLDWFKKGSS","51390"
"QLKLNW","51391"
"QLKLNWF","51392"
"QLKLNWFKKGSS","51393"
"QPTELRYSW","51974"
"QTFLIDGPETAECPN","2157389"
"QVFGAI","52696"
"QWFLDL","52833"
"QYKFQPESPSKLASA","539828"
"RCPTQGE","2224366"
"RCPTQGEPSLNEEQDKRF","1860867"
"RDFVEG","53343"
"RDKRSVALAPHVGLGLETRT","1860868"
"RGAKRM","53822"
"RGEARK","151713"
"RGFRKEI","53866"
"RGWGNG","54016"
"RHVLGR","54104"
"RHVLGRLITVNP","54105"
"RHVLGRLITVNPIVT","144940"
"RITEAEPDDVDCWCNATDTW","1860872"
"RKYCIE","54451"
"RLITVN","54601"
"RMAILG","54850"
"RMLNILN","54918"
"RNTPFNMLKRERNRVSTV","611061"
"RPQPTELRY","55304"
"RQNEPEDIDCWCNSTSTWVTYGTCTTTGEHRREKRS","55456"
"RQWFLD","55508"
"RSTSLS","55981"
"RTAGMIIMLIPTVMA","612083"
"RTGLDF","56060"
"RTGLDFN","56061"
"RTTTASGKL","56201"
"RTTTASGKLIT + NAc(R1)","56202"
"RVGRNPKNEN","179896"
"RVQYEG","56386"
"RVQYEGDGSPCKIPFEIM","538961"
"SCVTTMAKNKPTLDFELI","538964"
"SGGSWV","58060"
"SGNLLF","58148"
"SGNLLFTGHL","58149"
"SGNLLFTGHLKCRLRMDK","538965"
"SGNLLFTGHLKCRLRMDKLQLKGMSYSMCTG","58150"
"SGVSWT","58299"
"SGVSWTMKILIGVIITWI","538966"
"SKLMSAAIKDNRAVH","922583"
"SLGGVF","59134"
"SLNEEQ","59350"
"SLSVSL","59487"
"SLVLVG","59558"
"SLVLVGVVTLYLGAMVQA","538968"
"SMVDRG","59764"
"SNRDFV","59892"
"SPRTGL","60235"
"SRCPTQGEPSLNEEQDKRFLCKHSMVDRGWGNGC","60628"
"SRSTSL","60810"
"SRSTSLSVSLVLVGVVTL","538972"
"SRSTSLSVSLVLVGVVTLYLGAMV","60811"
"SSGNLLFTGH","78271"
"STSLSV","61900"
"SVSLVL","62329"
"SWVDIV","62500"
"SYIIIG","62579"
"SYSMCTGKFKIVKEIAETQHGTIVIRVQYEGDGSPCKIPFEIMDLEKRHVLGRLITVNPIVTEKDSPVNIEAEPPFGDSYIIIGVEPG","113904"
"SYSMCTGKFKIVKEIAETQHGTIVIRVQYEGDGSPCKIPFEIMDLEKRHVLGRLITVNPIVTEKDSPVNIEAEPPFGDSYIIIGVEPGQLKLNWFKKGSS","113905"
"SYSMCTGKFKVV","102102"
"TAWDFG","63043"
"TAWDFGSLGGVFTSIG","63044"
"TCAMFT","63056"
"TCKKNM","63082"
"TEAKQPATLR","63297"
"TELKYSWKT","78275"
"TELRYSWKT","63458"
"TELRYSWKTWGKAKM","63459"
"TFKNPH","63693"
"TGATEI","63791"
"TGLDFN","63878"
"TGYGTV","64004"
"TGYGTVTMECSPRTGLDFNE","64005"
"TIVIRV","64498"
"TIVIRVQYE","78278"
"TIVITP","64499"
"TLRKYC","65044"
"TLVTFK","65139"
"TLYLGA","65158"
"TPHSGEEHAVGNDTGKHGKEIKITPQSSITE","65598"
"TQGSNW","65860"
"TQGSNWIQ","65861"
"TRLENLMWK","66051"
"TRLENLMWK + NAc(T1)","66050"
"TRLENLMWKQITPEL","922634"
"TSLSVS","66316"
"TTASGKLIT","66539"
"TTASGKLITEWCCRS","922640"
"TTESRC","66598"
"TWIGMN","67266"
"TWKIEKASF","67269"
"VCKHSMVDRGWG","187977"
"VDIVLE","67990"
"VDRGWG","68057"
"VDRGWGNGC","78288"
"VEPG","164410"
"VFGAIY","68466"
"VFTSIG","68589"
"VFTSIGKALHQVFGAIYG","538990"
"VGVVTL","68816"
"VHRQWF","68884"
"VHRQWFLDLPLP","68885"
"VHTWTEQYK","68896"
"VHTWTEQYK + NAc(V1)","68895"
"VHTWTEQYKFQPES","945899"
"VIITWI","68997"
"VIRVQY","69106"
"VKEIAETQHG","102187"
"VKEIAETQHGTIVIRVQY","538991"
"VKSCHWPKSHTLW","1405805"
"VLGRLI","69515"
"VLGSQE","69517"
"VLLQME","69624"
"VLLQMEEKAWLVHRQWFL","538992"
"VLVGVV","69824"
"VNIEAEPPFGDSYIIIGV","538994"
"VNMCTLMAMDLGELCE","423070"
"VQYEGDGSPCKI","102208"
"VSGGSW","70951"
"VSGGSWVDIVLE","70952"
"VSGGSWVDIVLEHGSCVT","538995"
"VSLVLV","71045"
"VSLVLVGVVTLYLGAMVQ","538996"
"VSQHNYRPGYHTQIT","2157404"
"VSRQE","225908"
"VSTVQQLTKR","71178"
"VTCAMF","71262"
"VTEKDSPVNIEAEPPFGD","538997"
"VTLYLG","71414"
"VVLGSQ","71738"
"VVSWKNKEL","71844"
"VVSWKNKELKC","78294"
"VVTLYL","71855"
"VVVLGS","71877"
"WALRHPGFTIALFLAHA","1860893"
"WCCRSCTLPPLRYRG","2157405"
"WCCRSCTLPPLRYRGEDGCW","101410"
"WDFGSL","72300"
"WFLDLP","72413"
"WGNGCG","72483"
"WGNGCGLFG","72484"
"WIESALNDTWKIEKA","922691"
"WIGMNS","72615"
"WKTWGKAKM","72694"
"WLPGAD","72765"
"WLVHRQ","72820"
"WTMKIL","73147"
"WVDIVL","73181"
"YCIEAKLTNTTTASRCPTQG","73496"
"YCIEAKLTNTTTESRCPTQG","73497"
"YGAAFS","73974"
"YGMEIRPLK","74056"
"YGMEIRPLKEKEENL","2157406"
"YIIIGV","74235"
"YLGAMV","74664"
"YNHALS","75161"
"YSMCTG","75809"
"YSWKTWG","75923"
"YSWKTWGKA","75924"
"YTIVIT","76086"
"AGPISQHNHRPGYHTQTA","919518"
"AMCTNTFVLKKEVS","919520"
"ANPVVTKKEEPVNIEA","919522"
"CGIRSTTRMENLLWKQIA","919526"
"CNLTSTWVTYGTCNQAG","919528"
"DMGCVINWKGKELKCGSG","919531"
"DMGCVINWKGKELKCGSGIFVTNEVHTWTEQYKFQADSPK","145742"
"DSRCPTQGEAVLPEE","119127"
"EPIEGKVVQYENLKYTVI","919539"
"FSTEDGQGKAHN","919547"
"GATEIQNSGGTSIFAGH","919549"
"GCVTTMAKNKPTLDIEL","1860831"
"GDIIGVLEQGKRTLTPQPMELK","919550"
"GDQHQVGNETQGVTA","119173"
"GDQHQVGNETQGVTAEIT","919551"
"GEMCDDTVTYKCPHITE","919553"
"GKAKIVTAETQNSSFIID","919556"
"GKNERGKSLLFKTASGIN","919557"
"GLNTFTNMEAQLIRQMEG","237737"
"GNETQGVTAEITPQASTT","919560"
"GPNTPECPSASRAWNVWE","919561"
"GQGKAHNGRLITANP","745221"
"HITEVEPEDIDCWCNLT","919567"
"IEGKITNITTDS","919573"
"IFVTNEVHTWTEQYKFQA","919574"
"IGIGVLLTWIGLNSK","1860837"
"ISEKEENMVKSLVSAG","919580"
"ITVHTGDQHQVGNET","29132"
"KALKINWYKKGSSIGKMF","1860842"
"KKGSSIGKMFEATARGAR","919586"
"KMDKLELKG","78186"
"KRTLTPQPMELKYSWKTWGKAKIVTAETQN","620025"
"KYTVIITVHTGDQHQ","34618"
"LDFNYCEGTTVVITENCG","919601"
"LFKTASGINMCTLIAMDL","919603"
"LGKLELDFNYCE","919604"
"LLTMKNKAWMVHRQW","119255"
"LVTCAKFQCLEPIEGKVV","919607"
"LWSNGVLESDMIIPKSLAGPISQHN","621565"
"MCTLIAMDLGEMCDDTVT","919608"
"NEMILLTMKNKAWMVHRQ","919612"
"NKPTLDIELQKTEATQLA","919613"
"PECPSASRAWNVWEVEDYGFGVFTTNIW","145936"
"PEVVVLGSQEGAMHT","119301"
"PLRYMGEDGCWYGMEIRP","919617"
"PWHLGKLELDFNYCEGTTVVITESCGTRGPSLRTTTVSGKLIHEWC","145954"
"QGVTAEITPQASTTE","119313"
"QIANELNYILWENNIK","919622"
"QYENLKYTVIITVHT","52898"
"RCPTQGE","2224366"
"RCPTQGEAVLPEEQDQNY","919626"
"RDGEPRMIVGKNERGKSL","919628"
"RPGYHTQTAGPWHLGKLE","919632"
"RVEYRGEDAP","78265"
"SCTLPPLRYMGE","919643"
"SDMIIPKSLAGPISQHNH","919647"
"SPRTGLDFNEMIL","919655"
"SRCPTQGEAILPEEQDQNH","1860880"
"TAEITPQASTTEAILPEY","919660"
"TFKNAHAKKQEVVVLGSQ","919663"
"TILIKVEYKGEDAPCKIP","919664"
"TQGEAVLPEEQDPNY","119366"
"TQLATLRKLCIEGKI","119367"
"TRGPSLRTTTVSGKLIHE","919669"
"TSTWVTYGTCNQAG","919670"
"TVSGKLIHEWCCRSCTLP","919672"
"TVVITENCGTRGPSLRTT","919674"
"TWNRKELLVTF","919675"
"VCKHTYVDRGWGNGCGLF","919676"
"VDRGWGNGCGLFGKGSLV","886505"
"VEDYGFGVFTTNIWLKLREVYT","919679"
"VGMGLDTRTQTWMSAEGAW","919681"
"VGNETQGVTAEITPQ","119379"
"VLNSLGKMVHQIFGSAY","1860890"
"VTNEVHTWTEQYKFQADSPK","628007"
"WDFGSVGGVLNSLGKMVH","1860896"
"WFFDLPLPWTSGATTETP","919685"
"YENLKYTVIITVHTGDQH","919692"
"YKCPHITEVEPEDIDCW","919693"
"YTALFSGVSWVMKIGIGV","919697"
"ADLSLEKAANVQWDE","151601"
"ALTLH","436383"
"CRRDVVDRGWGNGCGLF","1860815"
"DKEMAETQHGT","1125157"
"FDSYIVIGVGNSALTLH","1860825"
"FLIDGPDTSECPNERRA","16649"
"GCVTTMAQGKPTLDFEL","1860832"
"ILEENMEVEIWTREGEKKKL","27016"
"KFQPESPARLASAILNA","30831"
"LVLWIGTNSRNTSMAM","1860850"
"MKFREGSSEVC","41821"
"PWHLGKLEIDFGECPGTTVTIQEDCDHRGPSLRTTTASGKLVTQWC","145953"
"RCPTQGE","2224366"
"RTTTASGKLVT","179894"
"SECPNERRAWNFLEVEDYGFGMFTTNIW","145998"
"SGDPLKND","956701"
"SISNITTATRCPTQQGEPY","1860878"
"TRCPTQGEPYLKEEQDQQY","1860887"
"WDFGSVGGLFTSLGKAVH","1860895"
"WYGMEIRPLSEKEENMV","73272"
